,x,group,class,predicted,std.error,conf.low,conf.high
1,1976,HIGH SCHOOL,Conventional,0.546855794,0.068294559,0.513526661,0.579770075
2,1977,HIGH SCHOOL,Conventional,0.49059157,0.059499477,0.461512538,0.519734411
3,1978,HIGH SCHOOL,Conventional,0.487674541,0.055836681,0.460395711,0.515026987
4,1979,HIGH SCHOOL,Conventional,0.466490675,0.057569933,0.438543938,0.494649324
5,1980,HIGH SCHOOL,Conventional,0.414946268,0.059746744,0.386830185,0.443627401
6,1981,HIGH SCHOOL,Conventional,0.388112658,0.057198318,0.361846404,0.415045506
7,1982,HIGH SCHOOL,Conventional,0.345777283,0.058580402,0.320283678,0.372188975
8,1983,HIGH SCHOOL,Conventional,0.30967641,0.062301278,0.284196293,0.336367485
9,1984,HIGH SCHOOL,Conventional,0.315212595,0.063249289,0.289085959,0.342562679
10,1985,HIGH SCHOOL,Conventional,0.279073397,0.067100418,0.253396856,0.306284376
11,1986,HIGH SCHOOL,Conventional,0.251721402,0.072775754,0.225815785,0.279525887
12,1987,HIGH SCHOOL,Conventional,0.28869503,0.068985561,0.261740929,0.317232124
13,1988,HIGH SCHOOL,Conventional,0.237529,0.076655971,0.211398242,0.265801076
14,1989,HIGH SCHOOL,Conventional,0.214893672,0.084163227,0.188370575,0.244028453
15,1990,HIGH SCHOOL,Conventional,0.223810364,0.084757692,0.196278257,0.253984007
16,1991,HIGH SCHOOL,Conventional,0.194155628,0.095058044,0.166652358,0.224972515
17,1992,HIGH SCHOOL,Conventional,0.166428897,0.102820798,0.140315031,0.196293089
18,1993,HIGH SCHOOL,Conventional,0.162086804,0.099776062,0.137247739,0.190429009
19,1994,HIGH SCHOOL,Conventional,0.174511878,0.104619245,0.146911614,0.206045013
20,1995,HIGH SCHOOL,Conventional,0.130810338,0.117518631,0.106772094,0.159295322
21,1996,HIGH SCHOOL,Conventional,0.167140032,0.115574408,0.137934155,0.201087408
22,1997,HIGH SCHOOL,Conventional,0.175401867,0.117385042,0.144564257,0.211193548
23,1998,HIGH SCHOOL,Conventional,0.164964072,0.113820235,0.136480986,0.198028282
24,1999,HIGH SCHOOL,Conventional,0.191266071,0.122291471,0.15689809,0.231098723
25,2000,HIGH SCHOOL,Conventional,0.176985479,0.128073464,0.143327248,0.21654983
26,2001,HIGH SCHOOL,Conventional,0.165964448,0.140653798,0.131224083,0.20770318
27,2002,HIGH SCHOOL,Conventional,0.149740645,0.141015203,0.117842525,0.188428794
28,2003,HIGH SCHOOL,Conventional,0.131777712,0.144961254,0.102527621,0.167812229
29,2004,HIGH SCHOOL,Conventional,0.161332022,0.13039339,0.129665818,0.198963671
30,2005,HIGH SCHOOL,Conventional,0.180332728,0.132583727,0.145051276,0.22196781
31,2006,HIGH SCHOOL,Conventional,0.170025026,0.14051925,0.134602543,0.212480613
32,2007,HIGH SCHOOL,Conventional,0.133681972,0.162001349,0.10098704,0.17490268
33,2008,HIGH SCHOOL,Conventional,0.138898664,0.157009101,0.106006343,0.179942755
34,2009,HIGH SCHOOL,Conventional,0.123714104,0.174219681,0.091190613,0.165722025
35,2010,HIGH SCHOOL,Conventional,0.102389266,0.188540251,0.073068202,0.141677992
36,2011,HIGH SCHOOL,Conventional,0.114308437,0.178966206,0.083307332,0.154896616
37,2012,HIGH SCHOOL,Conventional,0.125222025,0.183929402,0.090761128,0.17031637
38,2013,HIGH SCHOOL,Conventional,0.129160538,0.196053454,0.091732747,0.17885213
39,2014,HIGH SCHOOL,Conventional,0.117462211,0.210424809,0.080979679,0.167387078
40,1976,< HIGH SCHOOL,Conventional,0.548714577,0.096428503,0.501620497,0.594951915
41,1977,< HIGH SCHOOL,Conventional,0.482259247,0.089843166,0.438541803,0.526249982
42,1978,< HIGH SCHOOL,Conventional,0.426712433,0.082998813,0.387471824,0.466897879
43,1979,< HIGH SCHOOL,Conventional,0.362278159,0.090676781,0.322301924,0.404255046
44,1980,< HIGH SCHOOL,Conventional,0.408291535,0.093008357,0.365093185,0.452954684
45,1981,< HIGH SCHOOL,Conventional,0.358934478,0.094448242,0.317538517,0.402543898
46,1982,< HIGH SCHOOL,Conventional,0.330982118,0.091997101,0.292337683,0.372049266
47,1983,< HIGH SCHOOL,Conventional,0.322451976,0.100076059,0.281168732,0.366704509
48,1984,< HIGH SCHOOL,Conventional,0.314160725,0.107596559,0.270591433,0.361270697
49,1985,< HIGH SCHOOL,Conventional,0.298069053,0.109165835,0.255313532,0.344670619
50,1986,< HIGH SCHOOL,Conventional,0.296563781,0.11927695,0.250209845,0.347524965
51,1987,< HIGH SCHOOL,Conventional,0.259750658,0.124304344,0.215701031,0.309248948
52,1988,< HIGH SCHOOL,Conventional,0.238068715,0.132890693,0.194073125,0.288468037
53,1989,< HIGH SCHOOL,Conventional,0.230694864,0.150810261,0.182429333,0.287243594
54,1990,< HIGH SCHOOL,Conventional,0.194363533,0.166979971,0.148151026,0.250747874
55,1991,< HIGH SCHOOL,Conventional,0.18377009,0.175569141,0.137629489,0.241055509
56,1992,< HIGH SCHOOL,Conventional,0.23787983,0.173126828,0.181880139,0.304699884
57,1993,< HIGH SCHOOL,Conventional,0.222943064,0.185602926,0.166259517,0.292179507
58,1994,< HIGH SCHOOL,Conventional,0.180017449,0.214229238,0.126075741,0.250424853
59,1995,< HIGH SCHOOL,Conventional,0.248155214,0.178216704,0.188808051,0.318824939
60,1996,< HIGH SCHOOL,Conventional,0.182547684,0.21599268,0.127580926,0.254293444
61,1997,< HIGH SCHOOL,Conventional,0.139323931,0.247030162,0.090702552,0.208045633
62,1998,< HIGH SCHOOL,Conventional,0.221826446,0.215599261,0.157410737,0.303119361
63,1999,< HIGH SCHOOL,Conventional,0.211694704,0.244517803,0.142584678,0.302484606
64,2000,< HIGH SCHOOL,Conventional,0.222625435,0.282582388,0.141330509,0.332570855
65,2001,< HIGH SCHOOL,Conventional,0.150176246,0.303375059,0.088844689,0.2425747
66,2002,< HIGH SCHOOL,Conventional,0.119886529,0.293275769,0.071205656,0.194866218
67,2003,< HIGH SCHOOL,Conventional,0.123223169,0.321004327,0.069693158,0.208647302
68,2004,< HIGH SCHOOL,Conventional,0.144730323,0.283171898,0.088543382,0.227665915
69,2005,< HIGH SCHOOL,Conventional,0.158010654,0.268618157,0.0997876,0.241106449
70,2006,< HIGH SCHOOL,Conventional,0.208946377,0.221914901,0.146011378,0.289802613
71,2007,< HIGH SCHOOL,Conventional,0.216942235,0.254774231,0.143942496,0.313409581
72,2008,< HIGH SCHOOL,Conventional,0.263512255,0.239984759,0.182700979,0.36414203
73,2009,< HIGH SCHOOL,Conventional,0.209877153,0.265752905,0.136280572,0.308999702
74,2010,< HIGH SCHOOL,Conventional,0.239752541,0.247422947,0.162604347,0.338699156
75,2011,< HIGH SCHOOL,Conventional,0.091806654,0.385840801,0.045303613,0.17718479
76,2012,< HIGH SCHOOL,Conventional,0.168678889,0.287246186,0.103584951,0.262691294
77,2013,< HIGH SCHOOL,Conventional,0.121580493,0.330281528,0.067553768,0.209124988
78,2014,< HIGH SCHOOL,Conventional,0.13894043,0.342920301,0.076122905,0.240122692
79,1976,SOME COLLEGE,Conventional,0.538756691,0.12607347,0.477075811,0.599273234
80,1977,SOME COLLEGE,Conventional,0.474391407,0.110375092,0.420954748,0.528421111
81,1978,SOME COLLEGE,Conventional,0.413164636,0.096029232,0.368394178,0.459418383
82,1979,SOME COLLEGE,Conventional,0.446762819,0.105470382,0.396402588,0.498239805
83,1980,SOME COLLEGE,Conventional,0.394965708,0.099544355,0.349420021,0.442410995
84,1981,SOME COLLEGE,Conventional,0.336883748,0.095838315,0.296284909,0.38004134
85,1982,SOME COLLEGE,Conventional,0.368234803,0.096907708,0.325253402,0.413416032
86,1983,SOME COLLEGE,Conventional,0.344606077,0.101896048,0.300998609,0.39099733
87,1984,SOME COLLEGE,Conventional,0.270739615,0.108946378,0.230692643,0.314892954
88,1985,SOME COLLEGE,Conventional,0.244010016,0.105740869,0.207828095,0.284230927
89,1986,SOME COLLEGE,Conventional,0.243230697,0.107838421,0.20645832,0.284206899
90,1987,SOME COLLEGE,Conventional,0.183882218,0.113339096,0.152852192,0.219578784
91,1988,SOME COLLEGE,Conventional,0.228056666,0.102466312,0.194638493,0.265322271
92,1989,SOME COLLEGE,Conventional,0.219883172,0.115652142,0.183468672,0.261213038
93,1990,SOME COLLEGE,Conventional,0.170644112,0.13393231,0.136629422,0.211056859
94,1991,SOME COLLEGE,Conventional,0.198359504,0.12180212,0.163104658,0.239057913
95,1992,SOME COLLEGE,Conventional,0.189465112,0.117556271,0.156580324,0.22739428
96,1993,SOME COLLEGE,Conventional,0.169673723,0.124065424,0.138106668,0.206725474
97,1994,SOME COLLEGE,Conventional,0.126888869,0.139789498,0.099505282,0.160465472
98,1995,SOME COLLEGE,Conventional,0.166237737,0.1334098,0.133078668,0.205698601
99,1996,SOME COLLEGE,Conventional,0.19555009,0.129894415,0.158566821,0.238712031
100,1997,SOME COLLEGE,Conventional,0.167497291,0.151595233,0.130041656,0.21309858
101,1998,SOME COLLEGE,Conventional,0.136686348,0.17640224,0.100757941,0.182821518
102,1999,SOME COLLEGE,Conventional,0.129566432,0.194134049,0.092348298,0.178828908
103,2000,SOME COLLEGE,Conventional,0.141475977,0.177267117,0.104282464,0.189133922
104,2001,SOME COLLEGE,Conventional,0.152634849,0.17138646,0.114052933,0.201302751
105,2002,SOME COLLEGE,Conventional,0.172082258,0.164719846,0.130813376,0.223029864
106,2003,SOME COLLEGE,Conventional,0.153944894,0.16471874,0.116414333,0.200824851
107,2004,SOME COLLEGE,Conventional,0.106641448,0.199961768,0.074645019,0.150127948
108,2005,SOME COLLEGE,Conventional,0.155728317,0.160591704,0.118666887,0.201715389
109,2006,SOME COLLEGE,Conventional,0.162223808,0.172467968,0.121339618,0.213535739
110,2007,SOME COLLEGE,Conventional,0.140997454,0.179268998,0.10354973,0.189130592
111,2008,SOME COLLEGE,Conventional,0.134526845,0.199430717,0.095143541,0.18684603
112,2009,SOME COLLEGE,Conventional,0.091411927,0.229851931,0.060255319,0.136341536
113,2010,SOME COLLEGE,Conventional,0.130730461,0.191439106,0.093661185,0.17956435
114,2011,SOME COLLEGE,Conventional,0.1239661,0.195967969,0.087905052,0.172030221
115,2012,SOME COLLEGE,Conventional,0.111001897,0.213217665,0.07596714,0.159406739
116,2013,SOME COLLEGE,Conventional,0.09840641,0.233221135,0.064636078,0.147046912
117,2014,SOME COLLEGE,Conventional,0.114542232,0.229041195,0.076274684,0.168506567
118,1976,COLLEGE,Conventional,0.514287965,0.136135571,0.447777796,0.580295908
119,1977,COLLEGE,Conventional,0.462769088,0.110753092,0.409442174,0.516961556
120,1978,COLLEGE,Conventional,0.423265474,0.100085295,0.376238211,0.471725468
121,1979,COLLEGE,Conventional,0.454593135,0.103129991,0.405099773,0.505000289
122,1980,COLLEGE,Conventional,0.382285376,0.101040271,0.336731394,0.43000668
123,1981,COLLEGE,Conventional,0.325600181,0.099716446,0.284226242,0.369884509
124,1982,COLLEGE,Conventional,0.382868237,0.10111807,0.337248641,0.430648967
125,1983,COLLEGE,Conventional,0.331147026,0.09985085,0.289316514,0.375827213
126,1984,COLLEGE,Conventional,0.283276965,0.103878397,0.243817582,0.326366223
127,1985,COLLEGE,Conventional,0.290292817,0.106284849,0.249313531,0.335001926
128,1986,COLLEGE,Conventional,0.240267831,0.109357835,0.203339905,0.281532155
129,1987,COLLEGE,Conventional,0.191255929,0.1141705,0.159006332,0.228270994
130,1988,COLLEGE,Conventional,0.226771045,0.102770774,0.193400934,0.264014327
131,1989,COLLEGE,Conventional,0.204382971,0.115403878,0.170044791,0.24361987
132,1990,COLLEGE,Conventional,0.197488946,0.12591721,0.161263596,0.239527846
133,1991,COLLEGE,Conventional,0.196495761,0.129682669,0.159424682,0.239728561
134,1992,COLLEGE,Conventional,0.18389161,0.129888822,0.148707045,0.22519874
135,1993,COLLEGE,Conventional,0.155197301,0.136370458,0.123284583,0.193547084
136,1994,COLLEGE,Conventional,0.16014311,0.128875683,0.129008339,0.197091613
137,1995,COLLEGE,Conventional,0.139913018,0.133073099,0.111369197,0.174337343
138,1996,COLLEGE,Conventional,0.140607395,0.138995149,0.110791688,0.176851124
139,1997,COLLEGE,Conventional,0.109621367,0.154813756,0.083321982,0.142927487
140,1998,COLLEGE,Conventional,0.160837132,0.13923274,0.127315735,0.201150143
141,1999,COLLEGE,Conventional,0.09215092,0.17424573,0.067284781,0.124975394
142,2000,COLLEGE,Conventional,0.11757146,0.178103667,0.08590376,0.158884065
143,2001,COLLEGE,Conventional,0.096483433,0.187252635,0.06888582,0.133551591
144,2002,COLLEGE,Conventional,0.120788455,0.16661977,0.090170609,0.159974735
145,2003,COLLEGE,Conventional,0.123812622,0.152097199,0.09492629,0.159935827
146,2004,COLLEGE,Conventional,0.145307382,0.135706666,0.115283729,0.181545672
147,2005,COLLEGE,Conventional,0.160555225,0.134127105,0.12819793,0.199213313
148,2006,COLLEGE,Conventional,0.13597691,0.150604656,0.104865623,0.174518702
149,2007,COLLEGE,Conventional,0.128612959,0.153882516,0.098421942,0.166356264
150,2008,COLLEGE,Conventional,0.09040766,0.187224195,0.064427372,0.125459584
151,2009,COLLEGE,Conventional,0.076421395,0.201888718,0.052765564,0.109457099
152,2010,COLLEGE,Conventional,0.112725117,0.162993666,0.084504219,0.148838399
153,2011,COLLEGE,Conventional,0.088205317,0.18224139,0.063391585,0.121472316
154,2012,COLLEGE,Conventional,0.099271609,0.178637374,0.072060067,0.135261019
155,2013,COLLEGE,Conventional,0.103223199,0.171364817,0.076013799,0.138710159
156,2014,COLLEGE,Conventional,0.091732507,0.194622313,0.064518169,0.128845044
157,1976,COLLEGE +,Conventional,0.441702775,0.213698748,0.342292171,0.546016309
158,1977,COLLEGE +,Conventional,0.380432702,0.172207623,0.304654018,0.462522599
159,1978,COLLEGE +,Conventional,0.400023169,0.168022444,0.324167148,0.4809965
160,1979,COLLEGE +,Conventional,0.402166793,0.1591883,0.329941817,0.478902147
161,1980,COLLEGE +,Conventional,0.356214394,0.153976478,0.290363077,0.427992941
162,1981,COLLEGE +,Conventional,0.380908929,0.148412501,0.315058471,0.451451211
163,1982,COLLEGE +,Conventional,0.254424297,0.164739801,0.198127728,0.32032704
164,1983,COLLEGE +,Conventional,0.241262723,0.173533161,0.184539742,0.308818153
165,1984,COLLEGE +,Conventional,0.252775793,0.162351814,0.197488459,0.31741897
166,1985,COLLEGE +,Conventional,0.204534842,0.173961812,0.154576627,0.265567349
167,1986,COLLEGE +,Conventional,0.241200099,0.167006042,0.18642076,0.306021546
168,1987,COLLEGE +,Conventional,0.159591907,0.168627221,0.120069636,0.209032962
169,1988,COLLEGE +,Conventional,0.162466872,0.167783246,0.122513986,0.212296548
170,1989,COLLEGE +,Conventional,0.210899478,0.185179211,0.156770437,0.277565961
171,1990,COLLEGE +,Conventional,0.174211768,0.199656247,0.12483869,0.237805675
172,1991,COLLEGE +,Conventional,0.2104411,0.194239077,0.154077734,0.280583917
173,1992,COLLEGE +,Conventional,0.160464928,0.195702395,0.115235617,0.219051352
174,1993,COLLEGE +,Conventional,0.170440054,0.207422312,0.120357193,0.23577731
175,1994,COLLEGE +,Conventional,0.127487034,0.228481557,0.085397051,0.186100927
176,1995,COLLEGE +,Conventional,0.098977621,0.242223098,0.063960925,0.150090966
177,1996,COLLEGE +,Conventional,0.14332517,0.204841941,0.10070413,0.199973558
178,1997,COLLEGE +,Conventional,0.115503389,0.224181974,0.077621772,0.168495143
179,1998,COLLEGE +,Conventional,0.068615093,0.29188815,0.039915738,0.115467532
180,1999,COLLEGE +,Conventional,0.130897883,0.219266487,0.089252395,0.18796484
181,2000,COLLEGE +,Conventional,0.081690708,0.306551312,0.046511689,0.139582194
182,2001,COLLEGE +,Conventional,0.104297654,0.287476702,0.062163754,0.169818336
183,2002,COLLEGE +,Conventional,0.142185042,0.239399417,0.093937951,0.209482954
184,2003,COLLEGE +,Conventional,0.107271225,0.260667352,0.067243677,0.166863171
185,2004,COLLEGE +,Conventional,0.102792271,0.253104131,0.065213465,0.158357225
186,2005,COLLEGE +,Conventional,0.093521853,0.247177667,0.059758174,0.143451681
187,2006,COLLEGE +,Conventional,0.072253758,0.3276937,0.039360298,0.128946472
188,2007,COLLEGE +,Conventional,0.077320225,0.311057181,0.043563801,0.133580397
189,2008,COLLEGE +,Conventional,0.09313467,0.307228679,0.053246606,0.157919488
190,2009,COLLEGE +,Conventional,0.10045329,0.278567983,0.060757604,0.16162117
191,2010,COLLEGE +,Conventional,0.0821609,0.306876269,0.046761317,0.140411529
192,2011,COLLEGE +,Conventional,0.117723115,0.256874012,0.074631155,0.180834078
193,2012,COLLEGE +,Conventional,0.032699924,0.51822622,0.012094446,0.085377308
194,2013,COLLEGE +,Conventional,0.062977368,0.358723748,0.032201289,0.11953443
195,2014,COLLEGE +,Conventional,0.13348555,0.279540257,0.081782246,0.210386592
196,1976,HIGH SCHOOL,Neotraditional,0.213421826,0.085047121,0.186773837,0.242736974
197,1977,HIGH SCHOOL,Neotraditional,0.243223425,0.071775452,0.218271994,0.270041842
198,1978,HIGH SCHOOL,Neotraditional,0.266224307,0.06499676,0.242089928,0.29183824
199,1979,HIGH SCHOOL,Neotraditional,0.280663978,0.065736552,0.255400854,0.307394385
200,1980,HIGH SCHOOL,Neotraditional,0.285437317,0.06716996,0.259359739,0.313028713
201,1981,HIGH SCHOOL,Neotraditional,0.28828073,0.06340783,0.263467014,0.314433753
202,1982,HIGH SCHOOL,Neotraditional,0.295852365,0.06323541,0.270701455,0.322307333
203,1983,HIGH SCHOOL,Neotraditional,0.263992211,0.067522202,0.239092337,0.290495239
204,1984,HIGH SCHOOL,Neotraditional,0.275319788,0.06841497,0.249386296,0.302861962
205,1985,HIGH SCHOOL,Neotraditional,0.299308652,0.068170154,0.272058571,0.328058107
206,1986,HIGH SCHOOL,Neotraditional,0.266124566,0.074118749,0.238731816,0.295440623
207,1987,HIGH SCHOOL,Neotraditional,0.266876737,0.071953375,0.240205539,0.295358158
208,1988,HIGH SCHOOL,Neotraditional,0.277167661,0.073828876,0.249130196,0.307070104
209,1989,HIGH SCHOOL,Neotraditional,0.267263606,0.079386795,0.237914786,0.298813285
210,1990,HIGH SCHOOL,Neotraditional,0.240735276,0.08470489,0.211706243,0.272369438
211,1991,HIGH SCHOOL,Neotraditional,0.229910407,0.090175636,0.200117818,0.262681795
212,1992,HIGH SCHOOL,Neotraditional,0.260559563,0.087188786,0.229003044,0.294801855
213,1993,HIGH SCHOOL,Neotraditional,0.263074827,0.083128461,0.232726989,0.295854119
214,1994,HIGH SCHOOL,Neotraditional,0.199617836,0.098228532,0.170624328,0.232158997
215,1995,HIGH SCHOOL,Neotraditional,0.216347788,0.096829796,0.185902017,0.250247043
216,1996,HIGH SCHOOL,Neotraditional,0.212312514,0.104255362,0.180143013,0.248485622
217,1997,HIGH SCHOOL,Neotraditional,0.197934189,0.108296785,0.16637854,0.233796223
218,1998,HIGH SCHOOL,Neotraditional,0.222889786,0.098053424,0.191377239,0.257936079
219,1999,HIGH SCHOOL,Neotraditional,0.225357797,0.110483876,0.189808293,0.265384507
220,2000,HIGH SCHOOL,Neotraditional,0.229992991,0.110802406,0.193797757,0.270678663
221,2001,HIGH SCHOOL,Neotraditional,0.19930025,0.124284329,0.163246751,0.241022702
222,2002,HIGH SCHOOL,Neotraditional,0.21190594,0.118412234,0.175728661,0.253242828
223,2003,HIGH SCHOOL,Neotraditional,0.197579597,0.114006492,0.164524743,0.235404339
224,2004,HIGH SCHOOL,Neotraditional,0.219553132,0.108981052,0.185144931,0.258328678
225,2005,HIGH SCHOOL,Neotraditional,0.229889491,0.116020691,0.192114052,0.272586534
226,2006,HIGH SCHOOL,Neotraditional,0.175200952,0.127990652,0.141843368,0.214442992
227,2007,HIGH SCHOOL,Neotraditional,0.226626445,0.121439364,0.187631226,0.271022236
228,2008,HIGH SCHOOL,Neotraditional,0.214203159,0.12446958,0.175993802,0.258109549
229,2009,HIGH SCHOOL,Neotraditional,0.233751313,0.130004037,0.191227752,0.282428787
230,2010,HIGH SCHOOL,Neotraditional,0.218655575,0.129910458,0.178266267,0.265242022
231,2011,HIGH SCHOOL,Neotraditional,0.17217578,0.141648149,0.136118453,0.21540298
232,2012,HIGH SCHOOL,Neotraditional,0.277310727,0.128678716,0.229692847,0.330564046
233,2013,HIGH SCHOOL,Neotraditional,0.214009651,0.147786747,0.169302296,0.266732029
234,2014,HIGH SCHOOL,Neotraditional,0.124160123,0.189235871,0.089113559,0.17041121
235,1976,< HIGH SCHOOL,Neotraditional,0.271947024,0.107051077,0.23244031,0.315409236
236,1977,< HIGH SCHOOL,Neotraditional,0.293545705,0.098509502,0.255155895,0.335112829
237,1978,< HIGH SCHOOL,Neotraditional,0.301334511,0.089438421,0.265759049,0.339470439
238,1979,< HIGH SCHOOL,Neotraditional,0.384173634,0.090340468,0.343229687,0.426827599
239,1980,< HIGH SCHOOL,Neotraditional,0.314983899,0.098337182,0.274948644,0.357970543
240,1981,< HIGH SCHOOL,Neotraditional,0.362548592,0.094305185,0.321005601,0.40625117
241,1982,< HIGH SCHOOL,Neotraditional,0.314421858,0.093634954,0.276268341,0.355258042
242,1983,< HIGH SCHOOL,Neotraditional,0.282883386,0.10228488,0.244035926,0.325254191
243,1984,< HIGH SCHOOL,Neotraditional,0.274681245,0.110117721,0.233826963,0.319695147
244,1985,< HIGH SCHOOL,Neotraditional,0.304319461,0.107932001,0.261467448,0.350858044
245,1986,< HIGH SCHOOL,Neotraditional,0.275907193,0.118799936,0.231884873,0.32475349
246,1987,< HIGH SCHOOL,Neotraditional,0.24837994,0.126810363,0.204921298,0.29760525
247,1988,< HIGH SCHOOL,Neotraditional,0.286975847,0.122908072,0.24030417,0.338671105
248,1989,< HIGH SCHOOL,Neotraditional,0.309865589,0.134075769,0.256635171,0.368661316
249,1990,< HIGH SCHOOL,Neotraditional,0.262345632,0.146698461,0.210596064,0.321630481
250,1991,< HIGH SCHOOL,Neotraditional,0.218655405,0.156005986,0.170896711,0.27532857
251,1992,< HIGH SCHOOL,Neotraditional,0.253511419,0.16412924,0.197553009,0.319018933
252,1993,< HIGH SCHOOL,Neotraditional,0.257683951,0.168991235,0.199526241,0.32589195
253,1994,< HIGH SCHOOL,Neotraditional,0.27726952,0.178593268,0.212807852,0.352513285
254,1995,< HIGH SCHOOL,Neotraditional,0.225675195,0.177488128,0.170687167,0.292137699
255,1996,< HIGH SCHOOL,Neotraditional,0.253341935,0.185099622,0.190979861,0.327816219
256,1997,< HIGH SCHOOL,Neotraditional,0.26153003,0.184729098,0.197801243,0.337161586
257,1998,< HIGH SCHOOL,Neotraditional,0.233274971,0.198474117,0.170949559,0.309831275
258,1999,< HIGH SCHOOL,Neotraditional,0.234102947,0.217307655,0.166421802,0.318782709
259,2000,< HIGH SCHOOL,Neotraditional,0.19542757,0.262840327,0.126719731,0.289057979
260,2001,< HIGH SCHOOL,Neotraditional,0.180689733,0.259114083,0.117167005,0.268189614
261,2002,< HIGH SCHOOL,Neotraditional,0.303257832,0.203787421,0.225963061,0.39354955
262,2003,< HIGH SCHOOL,Neotraditional,0.262333556,0.243000764,0.180916907,0.364102447
263,2004,< HIGH SCHOOL,Neotraditional,0.243125383,0.22582528,0.171046341,0.333363618
264,2005,< HIGH SCHOOL,Neotraditional,0.202267456,0.236738894,0.13750344,0.287371833
265,2006,< HIGH SCHOOL,Neotraditional,0.249641353,0.200436791,0.183415716,0.330112319
266,2007,< HIGH SCHOOL,Neotraditional,0.221169157,0.232708155,0.152520756,0.30943406
267,2008,< HIGH SCHOOL,Neotraditional,0.169391874,0.26857984,0.107517803,0.256634207
268,2009,< HIGH SCHOOL,Neotraditional,0.193692749,0.251570605,0.12794399,0.282291674
269,2010,< HIGH SCHOOL,Neotraditional,0.157274389,0.270929639,0.098886208,0.240920942
270,2011,< HIGH SCHOOL,Neotraditional,0.182449598,0.272700124,0.115646268,0.275807083
271,2012,< HIGH SCHOOL,Neotraditional,0.245894366,0.237414815,0.169953774,0.341794856
272,2013,< HIGH SCHOOL,Neotraditional,0.181661523,0.273407722,0.114964931,0.275027714
273,2014,< HIGH SCHOOL,Neotraditional,0.153785543,0.308617735,0.090290471,0.249677295
274,1976,SOME COLLEGE,Neotraditional,0.21184877,0.158358072,0.164627356,0.268265379
275,1977,SOME COLLEGE,Neotraditional,0.245439236,0.13202019,0.200713454,0.296435148
276,1978,SOME COLLEGE,Neotraditional,0.27932271,0.108674949,0.238517837,0.324136878
277,1979,SOME COLLEGE,Neotraditional,0.28973868,0.118933121,0.244205731,0.339942849
278,1980,SOME COLLEGE,Neotraditional,0.24594858,0.116875389,0.205966907,0.290848531
279,1981,SOME COLLEGE,Neotraditional,0.294622597,0.102079733,0.254812026,0.337833206
280,1982,SOME COLLEGE,Neotraditional,0.302347011,0.104942917,0.260796901,0.347405767
281,1983,SOME COLLEGE,Neotraditional,0.265355247,0.112450534,0.224659465,0.310470932
282,1984,SOME COLLEGE,Neotraditional,0.282059573,0.109496849,0.240694049,0.327468207
283,1985,SOME COLLEGE,Neotraditional,0.236663738,0.11162388,0.19943376,0.278426616
284,1986,SOME COLLEGE,Neotraditional,0.219192877,0.113602543,0.183466928,0.259663316
285,1987,SOME COLLEGE,Neotraditional,0.240155971,0.104558682,0.204768068,0.279510025
286,1988,SOME COLLEGE,Neotraditional,0.241780384,0.10099767,0.207362905,0.279893193
287,1989,SOME COLLEGE,Neotraditional,0.23797718,0.114361856,0.199735735,0.280969713
288,1990,SOME COLLEGE,Neotraditional,0.231975118,0.122419441,0.191990223,0.277428262
289,1991,SOME COLLEGE,Neotraditional,0.187886509,0.125488936,0.153195394,0.22831535
290,1992,SOME COLLEGE,Neotraditional,0.217725848,0.111174074,0.182893452,0.257104765
291,1993,SOME COLLEGE,Neotraditional,0.171964764,0.12237542,0.140442746,0.208842828
292,1994,SOME COLLEGE,Neotraditional,0.199755516,0.118110146,0.1652994,0.239334518
293,1995,SOME COLLEGE,Neotraditional,0.153951462,0.135448164,0.122451963,0.191783035
294,1996,SOME COLLEGE,Neotraditional,0.213377986,0.123060496,0.175682583,0.256643356
295,1997,SOME COLLEGE,Neotraditional,0.165553763,0.143104229,0.130340505,0.208004963
296,1998,SOME COLLEGE,Neotraditional,0.159626721,0.155496064,0.122843443,0.204851853
297,1999,SOME COLLEGE,Neotraditional,0.185998153,0.15599416,0.144060194,0.236767699
298,2000,SOME COLLEGE,Neotraditional,0.244821816,0.138678447,0.19809748,0.298464962
299,2001,SOME COLLEGE,Neotraditional,0.220918525,0.140289245,0.177221957,0.271829579
300,2002,SOME COLLEGE,Neotraditional,0.209698336,0.144169618,0.166684158,0.260344754
301,2003,SOME COLLEGE,Neotraditional,0.131837393,0.163937861,0.099202073,0.17314536
302,2004,SOME COLLEGE,Neotraditional,0.197654076,0.145282294,0.156333003,0.24670319
303,2005,SOME COLLEGE,Neotraditional,0.175731416,0.143554936,0.138607729,0.220255659
304,2006,SOME COLLEGE,Neotraditional,0.212726031,0.143865989,0.169307463,0.26374398
305,2007,SOME COLLEGE,Neotraditional,0.171193639,0.149766629,0.133457459,0.216928867
306,2008,SOME COLLEGE,Neotraditional,0.205959115,0.157167208,0.160097966,0.26087702
307,2009,SOME COLLEGE,Neotraditional,0.214015938,0.152927933,0.167895081,0.26871483
308,2010,SOME COLLEGE,Neotraditional,0.187454639,0.152127565,0.146190268,0.237131596
309,2011,SOME COLLEGE,Neotraditional,0.204324778,0.146707574,0.161511858,0.255034563
310,2012,SOME COLLEGE,Neotraditional,0.185993265,0.16020981,0.143040405,0.238258196
311,2013,SOME COLLEGE,Neotraditional,0.180790584,0.169349431,0.136706413,0.235217368
312,2014,SOME COLLEGE,Neotraditional,0.18876023,0.173938398,0.141972951,0.246536025
313,1976,COLLEGE,Neotraditional,0.223491013,0.168507917,0.171404412,0.285943559
314,1977,COLLEGE,Neotraditional,0.224404842,0.136266926,0.181345632,0.274262906
315,1978,COLLEGE,Neotraditional,0.231825407,0.122541033,0.191822923,0.277307564
316,1979,COLLEGE,Neotraditional,0.262595001,0.121072787,0.219287614,0.31104764
317,1980,COLLEGE,Neotraditional,0.237194827,0.120455751,0.197148941,0.282512676
318,1981,COLLEGE,Neotraditional,0.278618093,0.109681568,0.237524679,0.32380177
319,1982,COLLEGE,Neotraditional,0.232211931,0.12052749,0.192772806,0.27695153
320,1983,COLLEGE,Neotraditional,0.256842181,0.111601506,0.217349165,0.300753637
321,1984,COLLEGE,Neotraditional,0.195926807,0.124061775,0.160420085,0.237073308
322,1985,COLLEGE,Neotraditional,0.189470592,0.127931867,0.153918083,0.230993128
323,1986,COLLEGE,Neotraditional,0.243954091,0.11062242,0.206207687,0.286119487
324,1987,COLLEGE,Neotraditional,0.231478237,0.110911584,0.195074886,0.27237613
325,1988,COLLEGE,Neotraditional,0.214510686,0.106132752,0.181537748,0.251631286
326,1989,COLLEGE,Neotraditional,0.215161733,0.112444243,0.180276642,0.254699892
327,1990,COLLEGE,Neotraditional,0.121460161,0.159813176,0.091795774,0.159032173
328,1991,COLLEGE,Neotraditional,0.200542289,0.13032776,0.162690219,0.244628162
329,1992,COLLEGE,Neotraditional,0.189514538,0.129969681,0.153435832,0.231754313
330,1993,COLLEGE,Neotraditional,0.177537322,0.127831754,0.143850815,0.217111945
331,1994,COLLEGE,Neotraditional,0.171086258,0.12512759,0.139051083,0.208712664
332,1995,COLLEGE,Neotraditional,0.132894441,0.134365921,0.105367578,0.166276018
333,1996,COLLEGE,Neotraditional,0.18523173,0.124376169,0.151219407,0.224867387
334,1997,COLLEGE,Neotraditional,0.160336301,0.132106713,0.128459085,0.198323828
335,1998,COLLEGE,Neotraditional,0.169242508,0.131023459,0.13613064,0.208464822
336,1999,COLLEGE,Neotraditional,0.185419236,0.125412949,0.15111802,0.225438561
337,2000,COLLEGE,Neotraditional,0.218820663,0.135895951,0.176694742,0.267723964
338,2001,COLLEGE,Neotraditional,0.195875247,0.133937686,0.157786659,0.240532298
339,2002,COLLEGE,Neotraditional,0.174276865,0.138907057,0.138492552,0.216978567
340,2003,COLLEGE,Neotraditional,0.154686472,0.133571099,0.123456027,0.192085951
341,2004,COLLEGE,Neotraditional,0.144608661,0.132584998,0.115332798,0.179805463
342,2005,COLLEGE,Neotraditional,0.131257006,0.138438977,0.103286896,0.165404299
343,2006,COLLEGE,Neotraditional,0.196601944,0.125248289,0.160683491,0.23827011
344,2007,COLLEGE,Neotraditional,0.133949175,0.142608783,0.104706421,0.169809908
345,2008,COLLEGE,Neotraditional,0.12097724,0.155551035,0.09211476,0.157316209
346,2009,COLLEGE,Neotraditional,0.197255071,0.127934781,0.160530403,0.239979522
347,2010,COLLEGE,Neotraditional,0.149294233,0.135311315,0.118642084,0.186192626
348,2011,COLLEGE,Neotraditional,0.14881111,0.138755771,0.117542299,0.186638819
349,2012,COLLEGE,Neotraditional,0.180680515,0.130750245,0.14579004,0.221753317
350,2013,COLLEGE,Neotraditional,0.194346454,0.127406942,0.158194405,0.236439793
351,2014,COLLEGE,Neotraditional,0.163406319,0.139312094,0.129414523,0.204231857
352,1976,COLLEGE +,Neotraditional,0.25397424,0.242972578,0.174546062,0.354044093
353,1977,COLLEGE +,Neotraditional,0.208023417,0.205315263,0.149402925,0.282018597
354,1978,COLLEGE +,Neotraditional,0.236457388,0.194439243,0.174610901,0.311931023
355,1979,COLLEGE +,Neotraditional,0.214881664,0.193284699,0.157814764,0.285586712
356,1980,COLLEGE +,Neotraditional,0.22425634,0.179973714,0.168853534,0.291462763
357,1981,COLLEGE +,Neotraditional,0.153438757,0.196007893,0.109871978,0.210201272
358,1982,COLLEGE +,Neotraditional,0.269801274,0.16337564,0.211511003,0.337284122
359,1983,COLLEGE +,Neotraditional,0.220029735,0.181243961,0.165104944,0.286946337
360,1984,COLLEGE +,Neotraditional,0.230776322,0.162927071,0.178981375,0.29222511
361,1985,COLLEGE +,Neotraditional,0.167304073,0.188838047,0.121855915,0.225352923
362,1986,COLLEGE +,Neotraditional,0.176428893,0.186649752,0.129367951,0.235969495
363,1987,COLLEGE +,Neotraditional,0.216343178,0.156648496,0.168803534,0.27287594
364,1988,COLLEGE +,Neotraditional,0.20193664,0.151699866,0.158216264,0.254091646
365,1989,COLLEGE +,Neotraditional,0.180727243,0.194216614,0.131006844,0.244018928
366,1990,COLLEGE +,Neotraditional,0.111501316,0.236206263,0.073206094,0.166236127
367,1991,COLLEGE +,Neotraditional,0.234925503,0.183406819,0.176509762,0.30550178
368,1992,COLLEGE +,Neotraditional,0.134790989,0.201931079,0.094917037,0.187937459
369,1993,COLLEGE +,Neotraditional,0.134899808,0.218134792,0.092301714,0.192977701
370,1994,COLLEGE +,Neotraditional,0.089233234,0.246606541,0.056980748,0.137087563
371,1995,COLLEGE +,Neotraditional,0.160006122,0.193237388,0.115380643,0.217644847
372,1996,COLLEGE +,Neotraditional,0.112557083,0.209103238,0.07764962,0.160427744
373,1997,COLLEGE +,Neotraditional,0.132678432,0.199570368,0.093754367,0.184473112
374,1998,COLLEGE +,Neotraditional,0.156332804,0.193585804,0.11252627,0.213098295
375,1999,COLLEGE +,Neotraditional,0.123975547,0.217807154,0.084539848,0.178225637
376,2000,COLLEGE +,Neotraditional,0.083794873,0.283445342,0.049859012,0.137486414
377,2001,COLLEGE +,Neotraditional,0.137948646,0.234966616,0.091707736,0.202311875
378,2002,COLLEGE +,Neotraditional,0.116101177,0.240144624,0.075819254,0.173760644
379,2003,COLLEGE +,Neotraditional,0.198349286,0.189796832,0.145711738,0.26412292
380,2004,COLLEGE +,Neotraditional,0.128423122,0.215184005,0.088126618,0.183438807
381,2005,COLLEGE +,Neotraditional,0.102442022,0.219086424,0.069152438,0.149188598
382,2006,COLLEGE +,Neotraditional,0.189994003,0.194509746,0.138085712,0.255628114
383,2007,COLLEGE +,Neotraditional,0.158616672,0.204687795,0.112073144,0.21970673
384,2008,COLLEGE +,Neotraditional,0.199303083,0.204254042,0.142951835,0.270847843
385,2009,COLLEGE +,Neotraditional,0.17842134,0.213156384,0.125115049,0.248001223
386,2010,COLLEGE +,Neotraditional,0.236483015,0.178293231,0.17923967,0.305209768
387,2011,COLLEGE +,Neotraditional,0.132940874,0.214559925,0.091477017,0.189283432
388,2012,COLLEGE +,Neotraditional,0.134841037,0.245495657,0.087865572,0.201386036
389,2013,COLLEGE +,Neotraditional,0.169450857,0.214677949,0.118127265,0.237078633
390,2014,COLLEGE +,Neotraditional,0.140117793,0.241768461,0.092107514,0.207435328
391,1976,HIGH SCHOOL,Conventional Realists,0.10387091,0.108440449,0.085686755,0.125384843
392,1977,HIGH SCHOOL,Conventional Realists,0.148044099,0.082223651,0.128848347,0.169543055
393,1978,HIGH SCHOOL,Conventional Realists,0.135980032,0.079758824,0.11863584,0.155412771
394,1979,HIGH SCHOOL,Conventional Realists,0.137847361,0.081590771,0.119918696,0.157975338
395,1980,HIGH SCHOOL,Conventional Realists,0.163014173,0.078719242,0.143041234,0.18517333
396,1981,HIGH SCHOOL,Conventional Realists,0.162594679,0.075025281,0.143552206,0.183621595
397,1982,HIGH SCHOOL,Conventional Realists,0.174870398,0.073368088,0.155080874,0.196597627
398,1983,HIGH SCHOOL,Conventional Realists,0.223867219,0.069323946,0.201146681,0.248356286
399,1984,HIGH SCHOOL,Conventional Realists,0.196916008,0.074342358,0.174885547,0.220978424
400,1985,HIGH SCHOOL,Conventional Realists,0.234126458,0.071728622,0.209864694,0.260269141
401,1986,HIGH SCHOOL,Conventional Realists,0.244858984,0.074117019,0.219002513,0.272702262
402,1987,HIGH SCHOOL,Conventional Realists,0.225860697,0.074484919,0.201359158,0.252401376
403,1988,HIGH SCHOOL,Conventional Realists,0.220214113,0.078904103,0.194807692,0.247913796
404,1989,HIGH SCHOOL,Conventional Realists,0.244495808,0.080660242,0.216483407,0.274861368
405,1990,HIGH SCHOOL,Conventional Realists,0.242964343,0.083215162,0.21423329,0.274203939
406,1991,HIGH SCHOOL,Conventional Realists,0.267362021,0.085091075,0.235984219,0.301266822
407,1992,HIGH SCHOOL,Conventional Realists,0.243278726,0.089910163,0.212318241,0.277165297
408,1993,HIGH SCHOOL,Conventional Realists,0.258680422,0.084637454,0.228160946,0.291739219
409,1994,HIGH SCHOOL,Conventional Realists,0.278351125,0.0876633,0.245182669,0.314139213
410,1995,HIGH SCHOOL,Conventional Realists,0.271224506,0.090261056,0.237700648,0.307568735
411,1996,HIGH SCHOOL,Conventional Realists,0.240644945,0.099959287,0.206678605,0.278235653
412,1997,HIGH SCHOOL,Conventional Realists,0.314853349,0.09382568,0.2765938,0.355802174
413,1998,HIGH SCHOOL,Conventional Realists,0.237348276,0.098549552,0.204171,0.274060197
414,1999,HIGH SCHOOL,Conventional Realists,0.2932297,0.104530628,0.25263164,0.337406512
415,2000,HIGH SCHOOL,Conventional Realists,0.308814306,0.104433744,0.266910431,0.35411906
416,2001,HIGH SCHOOL,Conventional Realists,0.314272304,0.108505936,0.27034192,0.361801635
417,2002,HIGH SCHOOL,Conventional Realists,0.310472646,0.107560949,0.267229218,0.357301677
418,2003,HIGH SCHOOL,Conventional Realists,0.266645756,0.107651318,0.227461553,0.309872565
419,2004,HIGH SCHOOL,Conventional Realists,0.280022007,0.104266737,0.240724512,0.323005587
420,2005,HIGH SCHOOL,Conventional Realists,0.276423596,0.112835898,0.234436755,0.322759849
421,2006,HIGH SCHOOL,Conventional Realists,0.283487111,0.11332718,0.240608418,0.330679722
422,2007,HIGH SCHOOL,Conventional Realists,0.294404592,0.116744244,0.249196631,0.344055658
423,2008,HIGH SCHOOL,Conventional Realists,0.303812478,0.115997528,0.257967513,0.353918862
424,2009,HIGH SCHOOL,Conventional Realists,0.309455655,0.120916461,0.261216124,0.362235745
425,2010,HIGH SCHOOL,Conventional Realists,0.315206077,0.120537291,0.266561246,0.368270735
426,2011,HIGH SCHOOL,Conventional Realists,0.36339621,0.115917137,0.312631114,0.417398911
427,2012,HIGH SCHOOL,Conventional Realists,0.250078416,0.136234865,0.20339492,0.303395902
428,2013,HIGH SCHOOL,Conventional Realists,0.307403904,0.135278149,0.253993665,0.366527238
429,2014,HIGH SCHOOL,Conventional Realists,0.369045135,0.135049915,0.309809865,0.432508841
430,1976,< HIGH SCHOOL,Conventional Realists,0.061326442,0.197993352,0.04243921,0.087848142
431,1977,< HIGH SCHOOL,Conventional Realists,0.12364608,0.134292476,0.09783146,0.155101295
432,1978,< HIGH SCHOOL,Conventional Realists,0.114075397,0.128073099,0.09105748,0.142002859
433,1979,< HIGH SCHOOL,Conventional Realists,0.124091418,0.131874032,0.098614782,0.155017902
434,1980,< HIGH SCHOOL,Conventional Realists,0.111207747,0.145108225,0.086048189,0.142576095
435,1981,< HIGH SCHOOL,Conventional Realists,0.113295919,0.143170185,0.088014978,0.144686374
436,1982,< HIGH SCHOOL,Conventional Realists,0.185193089,0.111657571,0.154413424,0.22050819
437,1983,< HIGH SCHOOL,Conventional Realists,0.228807966,0.109746599,0.193074734,0.268950278
438,1984,< HIGH SCHOOL,Conventional Realists,0.197989172,0.124808025,0.161985443,0.239706273
439,1985,< HIGH SCHOOL,Conventional Realists,0.194861546,0.126894878,0.158766545,0.236852168
440,1986,< HIGH SCHOOL,Conventional Realists,0.211656373,0.131933882,0.171710096,0.258001019
441,1987,< HIGH SCHOOL,Conventional Realists,0.219300086,0.132032603,0.178209022,0.266789937
442,1988,< HIGH SCHOOL,Conventional Realists,0.213118037,0.139328454,0.170893108,0.262473223
443,1989,< HIGH SCHOOL,Conventional Realists,0.213530389,0.154150043,0.167158142,0.268617844
444,1990,< HIGH SCHOOL,Conventional Realists,0.228729708,0.157448389,0.178859879,0.287633644
445,1991,< HIGH SCHOOL,Conventional Realists,0.206841203,0.167367319,0.158143596,0.265799835
446,1992,< HIGH SCHOOL,Conventional Realists,0.239439929,0.173997969,0.182905925,0.306885014
447,1993,< HIGH SCHOOL,Conventional Realists,0.23673768,0.179308824,0.179154269,0.305931329
448,1994,< HIGH SCHOOL,Conventional Realists,0.206932325,0.202156316,0.149346489,0.27942861
449,1995,< HIGH SCHOOL,Conventional Realists,0.243418515,0.178003968,0.184988379,0.313211731
450,1996,< HIGH SCHOOL,Conventional Realists,0.292098585,0.181881684,0.22414108,0.370812696
451,1997,< HIGH SCHOOL,Conventional Realists,0.271207229,0.18930079,0.204316872,0.35035401
452,1998,< HIGH SCHOOL,Conventional Realists,0.200704491,0.222783769,0.139608522,0.279841303
453,1999,< HIGH SCHOOL,Conventional Realists,0.254228105,0.223808983,0.180221813,0.345805026
454,2000,< HIGH SCHOOL,Conventional Realists,0.227552792,0.268855534,0.148157145,0.332869704
455,2001,< HIGH SCHOOL,Conventional Realists,0.257372561,0.240658899,0.177795874,0.357096857
456,2002,< HIGH SCHOOL,Conventional Realists,0.275299548,0.217576635,0.198715646,0.367848885
457,2003,< HIGH SCHOOL,Conventional Realists,0.338684424,0.227288054,0.247007089,0.444310516
458,2004,< HIGH SCHOOL,Conventional Realists,0.253407128,0.230237973,0.177733289,0.347677332
459,2005,< HIGH SCHOOL,Conventional Realists,0.173747142,0.265858298,0.111019198,0.261492216
460,2006,< HIGH SCHOOL,Conventional Realists,0.270835098,0.20402257,0.19936519,0.356517185
461,2007,< HIGH SCHOOL,Conventional Realists,0.220157942,0.251104035,0.147178884,0.315918814
462,2008,< HIGH SCHOOL,Conventional Realists,0.297533844,0.229580876,0.212647616,0.399128185
463,2009,< HIGH SCHOOL,Conventional Realists,0.2979426,0.236162912,0.210820769,0.40269618
464,2010,< HIGH SCHOOL,Conventional Realists,0.265517273,0.242840207,0.183405268,0.367832081
465,2011,< HIGH SCHOOL,Conventional Realists,0.253555893,0.256410357,0.170471191,0.359581413
466,2012,< HIGH SCHOOL,Conventional Realists,0.186413058,0.276585431,0.11757625,0.282642727
467,2013,< HIGH SCHOOL,Conventional Realists,0.323643826,0.235384302,0.231756237,0.431500574
468,2014,< HIGH SCHOOL,Conventional Realists,0.252516234,0.266239146,0.166997725,0.36275699
469,1976,SOME COLLEGE,Conventional Realists,0.113051506,0.193331539,0.080256561,0.15696038
470,1977,SOME COLLEGE,Conventional Realists,0.153826468,0.149416522,0.119439326,0.195911184
471,1978,SOME COLLEGE,Conventional Realists,0.17286811,0.124415092,0.140724644,0.210554524
472,1979,SOME COLLEGE,Conventional Realists,0.128469519,0.154414601,0.09821597,0.16632331
473,1980,SOME COLLEGE,Conventional Realists,0.184458669,0.125434685,0.150296922,0.22433518
474,1981,SOME COLLEGE,Conventional Realists,0.174611889,0.118798646,0.14354797,0.210743949
475,1982,SOME COLLEGE,Conventional Realists,0.167650858,0.123809981,0.136457311,0.204288203
476,1983,SOME COLLEGE,Conventional Realists,0.195816187,0.123166061,0.160561993,0.236629038
477,1984,SOME COLLEGE,Conventional Realists,0.215582847,0.118718262,0.178832249,0.257517395
478,1985,SOME COLLEGE,Conventional Realists,0.208597925,0.112393391,0.174554741,0.247291439
479,1986,SOME COLLEGE,Conventional Realists,0.266243617,0.104628785,0.228141714,0.308168296
480,1987,SOME COLLEGE,Conventional Realists,0.264890377,0.099782752,0.228592793,0.304675162
481,1988,SOME COLLEGE,Conventional Realists,0.270563506,0.096963057,0.234726987,0.309657422
482,1989,SOME COLLEGE,Conventional Realists,0.258051242,0.10964314,0.219082932,0.301276763
483,1990,SOME COLLEGE,Conventional Realists,0.281837235,0.113685086,0.238997203,0.329036106
484,1991,SOME COLLEGE,Conventional Realists,0.291662363,0.107868283,0.249975684,0.337175635
485,1992,SOME COLLEGE,Conventional Realists,0.279267497,0.102779346,0.240572788,0.321550782
486,1993,SOME COLLEGE,Conventional Realists,0.289361767,0.103452843,0.249505824,0.332761409
487,1994,SOME COLLEGE,Conventional Realists,0.266803045,0.108043364,0.227467846,0.310208969
488,1995,SOME COLLEGE,Conventional Realists,0.271379535,0.111459982,0.230393224,0.316657147
489,1996,SOME COLLEGE,Conventional Realists,0.258119828,0.11738957,0.216557234,0.304558337
490,1997,SOME COLLEGE,Conventional Realists,0.275223555,0.125475352,0.228957565,0.326875182
491,1998,SOME COLLEGE,Conventional Realists,0.242460349,0.142097821,0.195015449,0.297186625
492,1999,SOME COLLEGE,Conventional Realists,0.345798174,0.134254831,0.288907645,0.407471984
493,2000,SOME COLLEGE,Conventional Realists,0.315773531,0.131819846,0.262769026,0.374045199
494,2001,SOME COLLEGE,Conventional Realists,0.339381794,0.127119853,0.285936794,0.397258783
495,2002,SOME COLLEGE,Conventional Realists,0.30644105,0.133497846,0.253797216,0.364668111
496,2003,SOME COLLEGE,Conventional Realists,0.324867312,0.123960412,0.27399434,0.380238869
497,2004,SOME COLLEGE,Conventional Realists,0.31180085,0.129302122,0.260159238,0.368586375
498,2005,SOME COLLEGE,Conventional Realists,0.311033364,0.123280205,0.261745217,0.365013847
499,2006,SOME COLLEGE,Conventional Realists,0.2854363,0.13766321,0.233712053,0.343476831
500,2007,SOME COLLEGE,Conventional Realists,0.301757467,0.13041361,0.250762662,0.358165128
501,2008,SOME COLLEGE,Conventional Realists,0.279882349,0.149055047,0.22492587,0.342335708
502,2009,SOME COLLEGE,Conventional Realists,0.258497174,0.147447352,0.207052323,0.317604455
503,2010,SOME COLLEGE,Conventional Realists,0.260347654,0.141201268,0.210666633,0.317038991
504,2011,SOME COLLEGE,Conventional Realists,0.261038312,0.142636997,0.210794625,0.318425828
505,2012,SOME COLLEGE,Conventional Realists,0.320452769,0.138114634,0.264561818,0.382017875
506,2013,SOME COLLEGE,Conventional Realists,0.285491098,0.150711175,0.229210753,0.349327598
507,2014,SOME COLLEGE,Conventional Realists,0.310290241,0.155640962,0.249026055,0.37901949
508,1976,COLLEGE,Conventional Realists,0.09205535,0.229035736,0.060785353,0.137064113
509,1977,COLLEGE,Conventional Realists,0.179433025,0.142418257,0.141932866,0.224251729
510,1978,COLLEGE,Conventional Realists,0.175371502,0.130619987,0.141360371,0.215511791
511,1979,COLLEGE,Conventional Realists,0.170365568,0.135380816,0.136063197,0.211201689
512,1980,COLLEGE,Conventional Realists,0.233627398,0.117286743,0.195003764,0.277266151
513,1981,COLLEGE,Conventional Realists,0.198858457,0.118033182,0.164546,0.238285269
514,1982,COLLEGE,Conventional Realists,0.203346233,0.121981703,0.167341104,0.244820476
515,1983,COLLEGE,Conventional Realists,0.220703579,0.114941634,0.184394632,0.261866573
516,1984,COLLEGE,Conventional Realists,0.285773168,0.106418961,0.245162811,0.330168093
517,1985,COLLEGE,Conventional Realists,0.276297722,0.108246052,0.23594168,0.320659484
518,1986,COLLEGE,Conventional Realists,0.253377974,0.107846436,0.215505715,0.295399646
519,1987,COLLEGE,Conventional Realists,0.296627104,0.100517392,0.257228847,0.339303205
520,1988,COLLEGE,Conventional Realists,0.272067108,0.097077695,0.236055374,0.311333738
521,1989,COLLEGE,Conventional Realists,0.25642449,0.106419343,0.218707536,0.298163599
522,1990,COLLEGE,Conventional Realists,0.289181,0.112847561,0.245910726,0.336665869
523,1991,COLLEGE,Conventional Realists,0.231916527,0.121927351,0.192088841,0.277169066
524,1992,COLLEGE,Conventional Realists,0.254540529,0.11641861,0.213708109,0.300196061
525,1993,COLLEGE,Conventional Realists,0.273640827,0.11055907,0.2327371,0.318746921
526,1994,COLLEGE,Conventional Realists,0.317072536,0.102387319,0.275292583,0.362025739
527,1995,COLLEGE,Conventional Realists,0.280076538,0.103177003,0.241164601,0.322597814
528,1996,COLLEGE,Conventional Realists,0.245055384,0.1148859,0.205816038,0.28905298
529,1997,COLLEGE,Conventional Realists,0.333593046,0.10587248,0.289156352,0.381196578
530,1998,COLLEGE,Conventional Realists,0.299440599,0.112064089,0.255478271,0.347437638
531,1999,COLLEGE,Conventional Realists,0.346862909,0.106480176,0.301207441,0.395521702
532,2000,COLLEGE,Conventional Realists,0.270727936,0.130158054,0.223386808,0.323917255
533,2001,COLLEGE,Conventional Realists,0.305462573,0.119720189,0.258061955,0.357375957
534,2002,COLLEGE,Conventional Realists,0.346151492,0.114665227,0.297184995,0.398610166
535,2003,COLLEGE,Conventional Realists,0.320938985,0.107095995,0.277005501,0.368290952
536,2004,COLLEGE,Conventional Realists,0.341107937,0.100848627,0.298171457,0.386819517
537,2005,COLLEGE,Conventional Realists,0.322741362,0.103336987,0.280145753,0.368498146
538,2006,COLLEGE,Conventional Realists,0.331273762,0.109137222,0.285705317,0.380241188
539,2007,COLLEGE,Conventional Realists,0.343317863,0.106584793,0.297873285,0.391826514
540,2008,COLLEGE,Conventional Realists,0.304990029,0.115657486,0.259161427,0.35503891
541,2009,COLLEGE,Conventional Realists,0.335898976,0.113122179,0.288364768,0.387007545
542,2010,COLLEGE,Conventional Realists,0.311965165,0.10946679,0.267861646,0.359762071
543,2011,COLLEGE,Conventional Realists,0.313201911,0.110960117,0.268416769,0.361764371
544,2012,COLLEGE,Conventional Realists,0.281520204,0.116064198,0.23786598,0.329720001
545,2013,COLLEGE,Conventional Realists,0.261344097,0.117827868,0.219268782,0.308304928
546,2014,COLLEGE,Conventional Realists,0.317117719,0.117166711,0.269592318,0.368791011
547,1976,COLLEGE +,Conventional Realists,0.126496785,0.309159034,0.073220822,0.209763039
548,1977,COLLEGE +,Conventional Realists,0.183864172,0.214251227,0.128946232,0.255315839
549,1978,COLLEGE +,Conventional Realists,0.16608826,0.217929008,0.114991276,0.233889931
550,1979,COLLEGE +,Conventional Realists,0.205046564,0.192147668,0.150376781,0.273200649
551,1980,COLLEGE +,Conventional Realists,0.226144348,0.176965185,0.171212652,0.292480651
552,1981,COLLEGE +,Conventional Realists,0.248231131,0.164270808,0.193093465,0.313005879
553,1982,COLLEGE +,Conventional Realists,0.204004232,0.177783752,0.153176313,0.266392496
554,1983,COLLEGE +,Conventional Realists,0.261864504,0.170250733,0.202622189,0.331232728
555,1984,COLLEGE +,Conventional Realists,0.230177721,0.166218913,0.177541878,0.292861885
556,1985,COLLEGE +,Conventional Realists,0.2572191,0.159718744,0.202052402,0.321381575
557,1986,COLLEGE +,Conventional Realists,0.245376728,0.164389768,0.190676263,0.309763342
558,1987,COLLEGE +,Conventional Realists,0.266313555,0.142746896,0.215314013,0.324398966
559,1988,COLLEGE +,Conventional Realists,0.237170351,0.144546305,0.189761346,0.29215296
560,1989,COLLEGE +,Conventional Realists,0.159565706,0.20838984,0.112057031,0.222176694
561,1990,COLLEGE +,Conventional Realists,0.3104721,0.161967758,0.246872209,0.382143003
562,1991,COLLEGE +,Conventional Realists,0.208608262,0.192989117,0.152958032,0.277863695
563,1992,COLLEGE +,Conventional Realists,0.201988113,0.176686488,0.151843627,0.263546652
564,1993,COLLEGE +,Conventional Realists,0.278729898,0.170613443,0.216672023,0.350606514
565,1994,COLLEGE +,Conventional Realists,0.369437851,0.155561832,0.30163488,0.442817873
566,1995,COLLEGE +,Conventional Realists,0.247730783,0.169574792,0.191063878,0.314666729
567,1996,COLLEGE +,Conventional Realists,0.268552539,0.156884658,0.212576031,0.333034875
568,1997,COLLEGE +,Conventional Realists,0.292852844,0.15427876,0.234342834,0.359119518
569,1998,COLLEGE +,Conventional Realists,0.27675953,0.16413253,0.217161244,0.345495484
570,1999,COLLEGE +,Conventional Realists,0.294334286,0.165469965,0.231699322,0.365838816
571,2000,COLLEGE +,Conventional Realists,0.390665424,0.172786761,0.313636687,0.473559644
572,2001,COLLEGE +,Conventional Realists,0.34279798,0.18234416,0.267324789,0.427156481
573,2002,COLLEGE +,Conventional Realists,0.326488213,0.172408052,0.256922622,0.40463287
574,2003,COLLEGE +,Conventional Realists,0.236950553,0.187505612,0.176975364,0.309604893
575,2004,COLLEGE +,Conventional Realists,0.323114005,0.161254237,0.258160746,0.395692651
576,2005,COLLEGE +,Conventional Realists,0.306326552,0.151766395,0.246975934,0.372877266
577,2006,COLLEGE +,Conventional Realists,0.263538239,0.180850787,0.200668755,0.337781168
578,2007,COLLEGE +,Conventional Realists,0.319568555,0.172671939,0.250830841,0.397157158
579,2008,COLLEGE +,Conventional Realists,0.211538659,0.208921801,0.151208381,0.2877788
580,2009,COLLEGE +,Conventional Realists,0.22826087,0.199719627,0.166644057,0.304340292
581,2010,COLLEGE +,Conventional Realists,0.338706722,0.168440931,0.269098546,0.416070712
582,2011,COLLEGE +,Conventional Realists,0.360395021,0.163534248,0.29024977,0.437053541
583,2012,COLLEGE +,Conventional Realists,0.325539146,0.190894376,0.24925735,0.412343751
584,2013,COLLEGE +,Conventional Realists,0.257147995,0.196092343,0.190744633,0.337040426
585,2014,COLLEGE +,Conventional Realists,0.302353898,0.196879984,0.227586181,0.389304632
586,1976,HIGH SCHOOL,Dual-earners,0.073609892,0.136611116,0.057309648,0.094083612
587,1977,HIGH SCHOOL,Dual-earners,0.056830866,0.133295735,0.044343989,0.072566939
588,1978,HIGH SCHOOL,Dual-earners,0.056641149,0.125738608,0.044823903,0.071341168
589,1979,HIGH SCHOOL,Dual-earners,0.057907205,0.127427734,0.045694072,0.073134504
590,1980,HIGH SCHOOL,Dual-earners,0.071411503,0.119250599,0.057381829,0.088549155
591,1981,HIGH SCHOOL,Dual-earners,0.068790002,0.112901199,0.055897838,0.084389806
592,1982,HIGH SCHOOL,Dual-earners,0.087564519,0.103931129,0.072598471,0.105265601
593,1983,HIGH SCHOOL,Dual-earners,0.090860016,0.103135974,0.075485941,0.108996144
594,1984,HIGH SCHOOL,Dual-earners,0.083884464,0.110442163,0.068678732,0.102087769
595,1985,HIGH SCHOOL,Dual-earners,0.072919489,0.11741027,0.058811592,0.090087701
596,1986,HIGH SCHOOL,Dual-earners,0.092915787,0.112121156,0.075977783,0.11316738
597,1987,HIGH SCHOOL,Dual-earners,0.081869962,0.112775137,0.066717411,0.100094802
598,1988,HIGH SCHOOL,Dual-earners,0.118861344,0.100054121,0.099807991,0.140982335
599,1989,HIGH SCHOOL,Dual-earners,0.120879779,0.105376175,0.100592485,0.144600771
600,1990,HIGH SCHOOL,Dual-earners,0.105797288,0.115527807,0.086208161,0.129208266
601,1991,HIGH SCHOOL,Dual-earners,0.12549666,0.110531228,0.103584698,0.151261661
602,1992,HIGH SCHOOL,Dual-earners,0.11622567,0.113992064,0.09516948,0.141213469
603,1993,HIGH SCHOOL,Dual-earners,0.109330038,0.112079198,0.089702408,0.132626638
604,1994,HIGH SCHOOL,Dual-earners,0.105341848,0.121552595,0.084906962,0.129996215
605,1995,HIGH SCHOOL,Dual-earners,0.143411496,0.110545658,0.118793525,0.172134573
606,1996,HIGH SCHOOL,Dual-earners,0.147622035,0.115255528,0.121396514,0.178362959
607,1997,HIGH SCHOOL,Dual-earners,0.112900721,0.126217564,0.090394306,0.14014741
608,1998,HIGH SCHOOL,Dual-earners,0.136674312,0.112356056,0.11270487,0.164794662
609,1999,HIGH SCHOOL,Dual-earners,0.107281754,0.14000846,0.083690864,0.136531638
610,2000,HIGH SCHOOL,Dual-earners,0.100537816,0.14464463,0.077646553,0.129232172
611,2001,HIGH SCHOOL,Dual-earners,0.109350616,0.146535978,0.084354842,0.140615621
612,2002,HIGH SCHOOL,Dual-earners,0.128402988,0.136779098,0.10126607,0.161505151
613,2003,HIGH SCHOOL,Dual-earners,0.150863161,0.117873044,0.123588951,0.182900255
614,2004,HIGH SCHOOL,Dual-earners,0.131274399,0.124366544,0.10588399,0.161652519
615,2005,HIGH SCHOOL,Dual-earners,0.123365446,0.138950989,0.096801656,0.155960014
616,2006,HIGH SCHOOL,Dual-earners,0.136737156,0.132491855,0.108869791,0.170373935
617,2007,HIGH SCHOOL,Dual-earners,0.151709687,0.130157682,0.121707554,0.187528528
618,2008,HIGH SCHOOL,Dual-earners,0.140144991,0.136281365,0.110938264,0.175522925
619,2009,HIGH SCHOOL,Dual-earners,0.128009676,0.15136179,0.098381728,0.164928016
620,2010,HIGH SCHOOL,Dual-earners,0.154348696,0.139286965,0.121971651,0.193426823
621,2011,HIGH SCHOOL,Dual-earners,0.112937917,0.154071429,0.086033972,0.146902811
622,2012,HIGH SCHOOL,Dual-earners,0.135182876,0.151898917,0.103994739,0.173908942
623,2013,HIGH SCHOOL,Dual-earners,0.150988189,0.152246573,0.116575234,0.193336614
624,2014,HIGH SCHOOL,Dual-earners,0.161182323,0.158830039,0.123384998,0.207813458
625,1976,< HIGH SCHOOL,Dual-earners,0.068321911,0.177727181,0.04921471,0.094113036
626,1977,< HIGH SCHOOL,Dual-earners,0.052955187,0.180970678,0.037738829,0.073836037
627,1978,< HIGH SCHOOL,Dual-earners,0.065855457,0.154187009,0.049530385,0.087068323
628,1979,< HIGH SCHOOL,Dual-earners,0.074563864,0.158687845,0.055743786,0.099071269
629,1980,< HIGH SCHOOL,Dual-earners,0.088862939,0.149948413,0.067767996,0.115709317
630,1981,< HIGH SCHOOL,Dual-earners,0.076684599,0.16019407,0.057203002,0.102082636
631,1982,< HIGH SCHOOL,Dual-earners,0.08428944,0.14844235,0.064381264,0.109632339
632,1983,< HIGH SCHOOL,Dual-earners,0.077334934,0.159366462,0.0577867,0.102774682
633,1984,< HIGH SCHOOL,Dual-earners,0.086291415,0.163529565,0.064146247,0.115141136
634,1985,< HIGH SCHOOL,Dual-earners,0.080274319,0.168539554,0.059024908,0.108293275
635,1986,< HIGH SCHOOL,Dual-earners,0.114640783,0.155005354,0.087225292,0.149264048
636,1987,< HIGH SCHOOL,Dual-earners,0.126645736,0.157635785,0.09622354,0.164931007
637,1988,< HIGH SCHOOL,Dual-earners,0.123273347,0.16038883,0.093117786,0.161455958
638,1989,< HIGH SCHOOL,Dual-earners,0.173883278,0.15691248,0.134017464,0.222560127
639,1990,< HIGH SCHOOL,Dual-earners,0.138801367,0.176869632,0.102298795,0.185635471
640,1991,< HIGH SCHOOL,Dual-earners,0.181195791,0.162533162,0.138616825,0.23331122
641,1992,< HIGH SCHOOL,Dual-earners,0.123564024,0.201896958,0.086683811,0.173160247
642,1993,< HIGH SCHOOL,Dual-earners,0.163752922,0.187342618,0.119439341,0.220392487
643,1994,< HIGH SCHOOL,Dual-earners,0.115628575,0.234813121,0.076229208,0.171608697
644,1995,< HIGH SCHOOL,Dual-earners,0.110867676,0.224195977,0.074376693,0.162126173
645,1996,< HIGH SCHOOL,Dual-earners,0.093598537,0.249899644,0.059509707,0.144220018
646,1997,< HIGH SCHOOL,Dual-earners,0.153975803,0.210320078,0.107554067,0.215593496
647,1998,< HIGH SCHOOL,Dual-earners,0.118327679,0.236184852,0.077896492,0.175744554
648,1999,< HIGH SCHOOL,Dual-earners,0.130535996,0.249305779,0.084334641,0.196613259
649,2000,< HIGH SCHOOL,Dual-earners,0.074861059,0.329516547,0.040693172,0.133718911
650,2001,< HIGH SCHOOL,Dual-earners,0.154301907,0.255350286,0.099595361,0.231337564
651,2002,< HIGH SCHOOL,Dual-earners,0.144399814,0.2474576,0.094129468,0.2151412
652,2003,< HIGH SCHOOL,Dual-earners,0.104263905,0.316996643,0.058854879,0.178078767
653,2004,< HIGH SCHOOL,Dual-earners,0.151836142,0.250607989,0.098726572,0.226340861
654,2005,< HIGH SCHOOL,Dual-earners,0.170876637,0.243160232,0.113446272,0.249207808
655,2006,< HIGH SCHOOL,Dual-earners,0.130768804,0.232779248,0.087032619,0.191864665
656,2007,< HIGH SCHOOL,Dual-earners,0.160254786,0.242895145,0.105987433,0.235004043
657,2008,< HIGH SCHOOL,Dual-earners,0.103891011,0.30860783,0.059547888,0.175106571
658,2009,< HIGH SCHOOL,Dual-earners,0.114176343,0.273701934,0.070095734,0.180594063
659,2010,< HIGH SCHOOL,Dual-earners,0.112133153,0.29344137,0.0663431,0.183322073
660,2011,< HIGH SCHOOL,Dual-earners,0.198419458,0.241288162,0.133643776,0.284288806
661,2012,< HIGH SCHOOL,Dual-earners,0.173096673,0.250210617,0.113624517,0.254750627
662,2013,< HIGH SCHOOL,Dual-earners,0.175033138,0.260894717,0.112874272,0.261338425
663,2014,< HIGH SCHOOL,Dual-earners,0.131700293,0.281848589,0.080289419,0.208565328
664,1976,SOME COLLEGE,Dual-earners,0.048153231,0.309874795,0.026821616,0.084968928
665,1977,SOME COLLEGE,Dual-earners,0.054825163,0.249704858,0.034335615,0.086447139
666,1978,SOME COLLEGE,Dual-earners,0.058092444,0.210287365,0.039240031,0.085199078
667,1979,SOME COLLEGE,Dual-earners,0.066041941,0.22564929,0.043463144,0.099134626
668,1980,SOME COLLEGE,Dual-earners,0.073000305,0.193942409,0.051095596,0.103273557
669,1981,SOME COLLEGE,Dual-earners,0.082556001,0.167328777,0.060878028,0.111040537
670,1982,SOME COLLEGE,Dual-earners,0.048131271,0.22378915,0.031580861,0.072704003
671,1983,SOME COLLEGE,Dual-earners,0.059656139,0.208470449,0.040456003,0.087140996
672,1984,SOME COLLEGE,Dual-earners,0.086390067,0.170400702,0.063416759,0.116649149
673,1985,SOME COLLEGE,Dual-earners,0.106169975,0.156091271,0.080438238,0.13888988
674,1986,SOME COLLEGE,Dual-earners,0.077920676,0.173646518,0.056717616,0.106158139
675,1987,SOME COLLEGE,Dual-earners,0.115602519,0.13751363,0.090769888,0.146136892
676,1988,SOME COLLEGE,Dual-earners,0.118638784,0.130316675,0.094421934,0.14805122
677,1989,SOME COLLEGE,Dual-earners,0.135027135,0.141134538,0.105850905,0.170709991
678,1990,SOME COLLEGE,Dual-earners,0.098510145,0.170225368,0.072592945,0.13235974
679,1991,SOME COLLEGE,Dual-earners,0.11288804,0.151234533,0.086432863,0.14614521
680,1992,SOME COLLEGE,Dual-earners,0.131204441,0.13145963,0.104517585,0.163461512
681,1993,SOME COLLEGE,Dual-earners,0.112755907,0.141277776,0.087880416,0.143564399
682,1994,SOME COLLEGE,Dual-earners,0.120028021,0.14403155,0.093260251,0.153180812
683,1995,SOME COLLEGE,Dual-earners,0.128769713,0.141746859,0.100679304,0.163274673
684,1996,SOME COLLEGE,Dual-earners,0.121394457,0.147509617,0.093773723,0.155752527
685,1997,SOME COLLEGE,Dual-earners,0.130824075,0.149530969,0.100945092,0.167895432
686,1998,SOME COLLEGE,Dual-earners,0.15724964,0.149927106,0.122100473,0.200209669
687,1999,SOME COLLEGE,Dual-earners,0.114128923,0.174953935,0.083773558,0.153639128
688,2000,SOME COLLEGE,Dual-earners,0.081038315,0.199270162,0.056312172,0.115295017
689,2001,SOME COLLEGE,Dual-earners,0.082917122,0.191979577,0.058434947,0.116388556
690,2002,SOME COLLEGE,Dual-earners,0.087664113,0.19140092,0.061940768,0.122673087
691,2003,SOME COLLEGE,Dual-earners,0.128714298,0.155408684,0.098236881,0.166897156
692,2004,SOME COLLEGE,Dual-earners,0.115465919,0.164995187,0.086315964,0.152813711
693,2005,SOME COLLEGE,Dual-earners,0.08830943,0.177559338,0.0640161,0.120633595
694,2006,SOME COLLEGE,Dual-earners,0.103274699,0.174960629,0.075559121,0.139621091
695,2007,SOME COLLEGE,Dual-earners,0.085259607,0.179697897,0.061506048,0.117042692
696,2008,SOME COLLEGE,Dual-earners,0.121310037,0.17647591,0.088994936,0.163256343
697,2009,SOME COLLEGE,Dual-earners,0.146276268,0.167678262,0.1098031,0.192248259
698,2010,SOME COLLEGE,Dual-earners,0.117439031,0.167996734,0.087370196,0.156086322
699,2011,SOME COLLEGE,Dual-earners,0.079202274,0.191206159,0.055830122,0.111206293
700,2012,SOME COLLEGE,Dual-earners,0.098828881,0.188876257,0.070404266,0.137037738
701,2013,SOME COLLEGE,Dual-earners,0.147501374,0.172677551,0.109800952,0.195306346
702,2014,SOME COLLEGE,Dual-earners,0.158112791,0.175144876,0.117573165,0.209314935
703,1976,COLLEGE,Dual-earners,0.070809885,0.280920612,0.042091396,0.116734835
704,1977,COLLEGE,Dual-earners,0.092138326,0.197839664,0.064431022,0.130103674
705,1978,COLLEGE,Dual-earners,0.072096288,0.210800946,0.048888567,0.105103438
706,1979,COLLEGE,Dual-earners,0.05141428,0.244783412,0.032457655,0.080520974
707,1980,COLLEGE,Dual-earners,0.068661868,0.20358606,0.047135344,0.098998068
708,1981,COLLEGE,Dual-earners,0.063316667,0.202921952,0.04344193,0.091415159
709,1982,COLLEGE,Dual-earners,0.068191849,0.200495135,0.0470763,0.09780644
710,1983,COLLEGE,Dual-earners,0.095670587,0.168907211,0.070611434,0.128394346
711,1984,COLLEGE,Dual-earners,0.076387999,0.188488738,0.054069563,0.106877987
712,1985,COLLEGE,Dual-earners,0.093040091,0.174845581,0.067877553,0.126266934
713,1986,COLLEGE,Dual-earners,0.080294152,0.169438985,0.05894197,0.1084896
714,1987,COLLEGE,Dual-earners,0.111963134,0.1482418,0.08616451,0.14426671
715,1988,COLLEGE,Dual-earners,0.103277378,0.140933267,0.0803536,0.131803705
716,1989,COLLEGE,Dual-earners,0.129324881,0.134489607,0.102427745,0.162010227
717,1990,COLLEGE,Dual-earners,0.148086501,0.14925275,0.114841029,0.188902323
718,1991,COLLEGE,Dual-earners,0.145288086,0.144935768,0.113435973,0.184225561
719,1992,COLLEGE,Dual-earners,0.14024594,0.142994966,0.10972885,0.177557541
720,1993,COLLEGE,Dual-earners,0.123204552,0.142130136,0.096128821,0.156585311
721,1994,COLLEGE,Dual-earners,0.093875732,0.158226197,0.070612263,0.123782658
722,1995,COLLEGE,Dual-earners,0.129503225,0.133229888,0.102800867,0.16188997
723,1996,COLLEGE,Dual-earners,0.127533679,0.143676999,0.09934306,0.162282562
724,1997,COLLEGE,Dual-earners,0.116854547,0.147381304,0.090181405,0.15011519
725,1998,COLLEGE,Dual-earners,0.135488573,0.13965451,0.106500601,0.170857889
726,1999,COLLEGE,Dual-earners,0.128325559,0.140052865,0.100620949,0.162281864
727,2000,COLLEGE,Dual-earners,0.131461667,0.1595034,0.09968609,0.171437216
728,2001,COLLEGE,Dual-earners,0.157928921,0.140666222,0.124616605,0.198130712
729,2002,COLLEGE,Dual-earners,0.132829574,0.149489378,0.102554096,0.17034632
730,2003,COLLEGE,Dual-earners,0.105383378,0.151056091,0.080553163,0.13672923
731,2004,COLLEGE,Dual-earners,0.094477933,0.15268196,0.071797751,0.123370307
732,2005,COLLEGE,Dual-earners,0.103429181,0.144697151,0.079930526,0.132838752
733,2006,COLLEGE,Dual-earners,0.098682555,0.158548399,0.074282172,0.129972698
734,2007,COLLEGE,Dual-earners,0.102680855,0.151393902,0.078383734,0.133419199
735,2008,COLLEGE,Dual-earners,0.123490929,0.146638038,0.095592591,0.15810791
736,2009,COLLEGE,Dual-earners,0.105916108,0.155487809,0.080327709,0.138428779
737,2010,COLLEGE,Dual-earners,0.144358214,0.129421649,0.115759351,0.178595496
738,2011,COLLEGE,Dual-earners,0.161009059,0.12846972,0.129821797,0.197983855
739,2012,COLLEGE,Dual-earners,0.168231594,0.126853142,0.136244336,0.205938246
740,2013,COLLEGE,Dual-earners,0.173986763,0.128871302,0.140612181,0.213316595
741,2014,COLLEGE,Dual-earners,0.108089777,0.15142973,0.082625294,0.14020281
742,1976,COLLEGE +,Dual-earners,0.08913655,0.348717464,0.047079348,0.162363055
743,1977,COLLEGE +,Dual-earners,0.080944253,0.290706836,0.047454748,0.134725063
744,1978,COLLEGE +,Dual-earners,0.072091009,0.30892704,0.04067992,0.124605876
745,1979,COLLEGE +,Dual-earners,0.049860106,0.355194184,0.025492304,0.095244264
746,1980,COLLEGE +,Dual-earners,0.055676926,0.314933101,0.030823778,0.098531838
747,1981,COLLEGE +,Dual-earners,0.093453461,0.230839963,0.061536307,0.13946498
748,1982,COLLEGE +,Dual-earners,0.129909913,0.212406728,0.089637831,0.184606244
749,1983,COLLEGE +,Dual-earners,0.077554739,0.27357621,0.046875805,0.125664938
750,1984,COLLEGE +,Dual-earners,0.085044818,0.226497993,0.056272866,0.126554931
751,1985,COLLEGE +,Dual-earners,0.152168546,0.195414459,0.109028959,0.208385007
752,1986,COLLEGE +,Dual-earners,0.097976816,0.233736295,0.064282627,0.146565718
753,1987,COLLEGE +,Dual-earners,0.109818821,0.205135573,0.076233986,0.155705527
754,1988,COLLEGE +,Dual-earners,0.138483175,0.171993333,0.102933533,0.18379493
755,1989,COLLEGE +,Dual-earners,0.126262668,0.223434151,0.085306508,0.182949238
756,1990,COLLEGE +,Dual-earners,0.140784139,0.209324765,0.098051781,0.198050531
757,1991,COLLEGE +,Dual-earners,0.111037163,0.238873963,0.07253574,0.166310276
758,1992,COLLEGE +,Dual-earners,0.164871261,0.179734123,0.121885666,0.219231824
759,1993,COLLEGE +,Dual-earners,0.137455585,0.20709139,0.096000322,0.192990554
760,1994,COLLEGE +,Dual-earners,0.134057879,0.201898563,0.094382586,0.186968071
761,1995,COLLEGE +,Dual-earners,0.17022579,0.186835128,0.124529588,0.228317186
762,1996,COLLEGE +,Dual-earners,0.196632429,0.159560016,0.151844361,0.250725943
763,1997,COLLEGE +,Dual-earners,0.152717911,0.180902125,0.112245896,0.204422467
764,1998,COLLEGE +,Dual-earners,0.141381316,0.193219367,0.10132691,0.193853728
765,1999,COLLEGE +,Dual-earners,0.118597569,0.220727534,0.080291254,0.171766332
766,2000,COLLEGE +,Dual-earners,0.130338145,0.225871402,0.087810066,0.189191455
767,2001,COLLEGE +,Dual-earners,0.086413208,0.266304344,0.053141839,0.13749055
768,2002,COLLEGE +,Dual-earners,0.123859834,0.220255307,0.084087109,0.17877295
769,2003,COLLEGE +,Dual-earners,0.118800391,0.219256206,0.080648099,0.17163195
770,2004,COLLEGE +,Dual-earners,0.087451512,0.237297312,0.056772743,0.13238169
771,2005,COLLEGE +,Dual-earners,0.074444098,0.235551581,0.048244852,0.113178908
772,2006,COLLEGE +,Dual-earners,0.102242864,0.22641669,0.068095631,0.150743695
773,2007,COLLEGE +,Dual-earners,0.090857958,0.236948215,0.059099556,0.137193987
774,2008,COLLEGE +,Dual-earners,0.141351325,0.215271664,0.097436682,0.200658039
775,2009,COLLEGE +,Dual-earners,0.139939429,0.226704968,0.094479528,0.202384134
776,2010,COLLEGE +,Dual-earners,0.128453017,0.205013999,0.089763451,0.180511407
777,2011,COLLEGE +,Dual-earners,0.074794833,0.247223667,0.047434177,0.116015346
778,2012,COLLEGE +,Dual-earners,0.117422916,0.23880048,0.076909037,0.17522732
779,2013,COLLEGE +,Dual-earners,0.211077536,0.192384894,0.155052599,0.280622673
780,2014,COLLEGE +,Dual-earners,0.106445232,0.247363911,0.068344541,0.162090854
781,1976,HIGH SCHOOL,Intensive Parents,0.062241578,0.140329156,0.047993365,0.080362712
782,1977,HIGH SCHOOL,Intensive Parents,0.06131004,0.124365356,0.048693384,0.076931359
783,1978,HIGH SCHOOL,Intensive Parents,0.053479972,0.123897962,0.04243905,0.067191739
784,1979,HIGH SCHOOL,Intensive Parents,0.057090781,0.122986898,0.045417471,0.071539542
785,1980,HIGH SCHOOL,Intensive Parents,0.065190739,0.119442172,0.052295747,0.080993616
786,1981,HIGH SCHOOL,Intensive Parents,0.092221931,0.096985278,0.077494268,0.109416583
787,1982,HIGH SCHOOL,Intensive Parents,0.095935434,0.096255086,0.080773629,0.113591536
788,1983,HIGH SCHOOL,Intensive Parents,0.111604144,0.092624383,0.094833198,0.130912029
789,1984,HIGH SCHOOL,Intensive Parents,0.128667144,0.089686173,0.110212051,0.149692661
790,1985,HIGH SCHOOL,Intensive Parents,0.114572004,0.096265915,0.096778287,0.135147764
791,1986,HIGH SCHOOL,Intensive Parents,0.14437926,0.091105787,0.123689326,0.167867101
792,1987,HIGH SCHOOL,Intensive Parents,0.136697574,0.090787523,0.117022412,0.159084751
793,1988,HIGH SCHOOL,Intensive Parents,0.146227881,0.09290636,0.124925529,0.17045515
794,1989,HIGH SCHOOL,Intensive Parents,0.152467135,0.096124961,0.129681023,0.17843611
795,1990,HIGH SCHOOL,Intensive Parents,0.186692729,0.091709552,0.160920865,0.215531819
796,1991,HIGH SCHOOL,Intensive Parents,0.183075285,0.096593344,0.156438618,0.213101615
797,1992,HIGH SCHOOL,Intensive Parents,0.213507144,0.093938612,0.184217651,0.24604893
798,1993,HIGH SCHOOL,Intensive Parents,0.206827908,0.090910066,0.179118145,0.237583714
799,1994,HIGH SCHOOL,Intensive Parents,0.242177313,0.090715186,0.211055012,0.27628179
800,1995,HIGH SCHOOL,Intensive Parents,0.238205871,0.093698943,0.206494352,0.273111196
801,1996,HIGH SCHOOL,Intensive Parents,0.232280474,0.099536029,0.199317427,0.268864385
802,1997,HIGH SCHOOL,Intensive Parents,0.198909874,0.107256728,0.167515188,0.234530755
803,1998,HIGH SCHOOL,Intensive Parents,0.238123554,0.097123688,0.205322631,0.274355444
804,1999,HIGH SCHOOL,Intensive Parents,0.182864677,0.120931037,0.150066602,0.220967381
805,2000,HIGH SCHOOL,Intensive Parents,0.183669409,0.123380283,0.150140072,0.222724193
806,2001,HIGH SCHOOL,Intensive Parents,0.211112382,0.120315458,0.17450249,0.253048459
807,2002,HIGH SCHOOL,Intensive Parents,0.199477781,0.122653986,0.163836001,0.240641808
808,2003,HIGH SCHOOL,Intensive Parents,0.253133774,0.107397865,0.215436056,0.294948093
809,2004,HIGH SCHOOL,Intensive Parents,0.207818439,0.113286159,0.173623318,0.246737453
810,2005,HIGH SCHOOL,Intensive Parents,0.189988739,0.126930605,0.154613853,0.231243335
811,2006,HIGH SCHOOL,Intensive Parents,0.234549754,0.118234974,0.195520104,0.278671659
812,2007,HIGH SCHOOL,Intensive Parents,0.193577304,0.131533174,0.156469971,0.237012128
813,2008,HIGH SCHOOL,Intensive Parents,0.202940708,0.130274651,0.164743542,0.247371296
814,2009,HIGH SCHOOL,Intensive Parents,0.205069251,0.134565255,0.165391091,0.251399112
815,2010,HIGH SCHOOL,Intensive Parents,0.209400386,0.134722482,0.169019149,0.256451905
816,2011,HIGH SCHOOL,Intensive Parents,0.237181656,0.128698311,0.194592984,0.285783922
817,2012,HIGH SCHOOL,Intensive Parents,0.212205957,0.138551741,0.1703377,0.261126267
818,2013,HIGH SCHOOL,Intensive Parents,0.198437717,0.150736105,0.155575429,0.249618114
819,2014,HIGH SCHOOL,Intensive Parents,0.228150208,0.151840736,0.179994004,0.284716837
820,1976,< HIGH SCHOOL,Intensive Parents,0.049690045,0.222804421,0.032682967,0.074862107
821,1977,< HIGH SCHOOL,Intensive Parents,0.04759378,0.209734243,0.032066202,0.070095845
822,1978,< HIGH SCHOOL,Intensive Parents,0.092022203,0.142813435,0.071153814,0.118231931
823,1979,< HIGH SCHOOL,Intensive Parents,0.054892925,0.192931821,0.038270525,0.078148424
824,1980,< HIGH SCHOOL,Intensive Parents,0.07665388,0.174564518,0.055679998,0.104652763
825,1981,< HIGH SCHOOL,Intensive Parents,0.088536412,0.162399615,0.065993007,0.117809371
826,1982,< HIGH SCHOOL,Intensive Parents,0.085113496,0.157627213,0.063938585,0.112458527
827,1983,< HIGH SCHOOL,Intensive Parents,0.088521738,0.162193783,0.066006665,0.117748556
828,1984,< HIGH SCHOOL,Intensive Parents,0.126877442,0.150220341,0.09767926,0.163224689
829,1985,< HIGH SCHOOL,Intensive Parents,0.122475621,0.154990724,0.093386539,0.159036235
830,1986,< HIGH SCHOOL,Intensive Parents,0.10123187,0.179114744,0.07346315,0.137934419
831,1987,< HIGH SCHOOL,Intensive Parents,0.145923579,0.155451885,0.111886189,0.188122286
832,1988,< HIGH SCHOOL,Intensive Parents,0.138564053,0.167139387,0.103878395,0.182473132
833,1989,< HIGH SCHOOL,Intensive Parents,0.07202588,0.244493155,0.045861794,0.111374195
834,1990,< HIGH SCHOOL,Intensive Parents,0.175759761,0.173764591,0.13171079,0.230627457
835,1991,< HIGH SCHOOL,Intensive Parents,0.209537511,0.167110046,0.160401318,0.268904901
836,1992,< HIGH SCHOOL,Intensive Parents,0.145604798,0.211640855,0.101168675,0.205104785
837,1993,< HIGH SCHOOL,Intensive Parents,0.118882383,0.235309208,0.078402406,0.176265205
838,1994,< HIGH SCHOOL,Intensive Parents,0.220152131,0.19702973,0.16098043,0.293466137
839,1995,< HIGH SCHOOL,Intensive Parents,0.171883401,0.201616737,0.122657755,0.235560325
840,1996,< HIGH SCHOOL,Intensive Parents,0.178413258,0.216210349,0.124455312,0.249108899
841,1997,< HIGH SCHOOL,Intensive Parents,0.173963007,0.222690931,0.119806578,0.245764539
842,1998,< HIGH SCHOOL,Intensive Parents,0.225866413,0.212897465,0.161234399,0.306926158
843,1999,< HIGH SCHOOL,Intensive Parents,0.169438248,0.258446313,0.109470687,0.252925814
844,2000,< HIGH SCHOOL,Intensive Parents,0.279533144,0.248882226,0.192386265,0.387228216
845,2001,< HIGH SCHOOL,Intensive Parents,0.257459553,0.236916984,0.17893738,0.355519158
846,2002,< HIGH SCHOOL,Intensive Parents,0.157156277,0.267616159,0.099386591,0.23957284
847,2003,< HIGH SCHOOL,Intensive Parents,0.171494947,0.284144947,0.106026886,0.265386887
848,2004,< HIGH SCHOOL,Intensive Parents,0.206901024,0.247991987,0.138266526,0.297830117
849,2005,< HIGH SCHOOL,Intensive Parents,0.295098111,0.221645786,0.213296451,0.392615091
850,2006,< HIGH SCHOOL,Intensive Parents,0.139808369,0.260070139,0.088942931,0.212963406
851,2007,< HIGH SCHOOL,Intensive Parents,0.18147588,0.266253524,0.116270933,0.271993304
852,2008,< HIGH SCHOOL,Intensive Parents,0.165671017,0.281787416,0.102576688,0.256482741
853,2009,< HIGH SCHOOL,Intensive Parents,0.184311155,0.279340192,0.115586628,0.280918349
854,2010,< HIGH SCHOOL,Intensive Parents,0.225322643,0.261224477,0.148438139,0.326749705
855,2011,< HIGH SCHOOL,Intensive Parents,0.273768397,0.244282914,0.18932959,0.378292791
856,2012,< HIGH SCHOOL,Intensive Parents,0.225917015,0.256492998,0.150047522,0.325459365
857,2013,< HIGH SCHOOL,Intensive Parents,0.198081021,0.278539495,0.125180727,0.298928795
858,2014,< HIGH SCHOOL,Intensive Parents,0.323057501,0.240384307,0.229541741,0.433248021
859,1976,SOME COLLEGE,Intensive Parents,0.088189802,0.221719025,0.058939173,0.129952453
860,1977,SOME COLLEGE,Intensive Parents,0.071517726,0.21447802,0.048155095,0.104964915
861,1978,SOME COLLEGE,Intensive Parents,0.076552099,0.181088452,0.054936731,0.105720835
862,1979,SOME COLLEGE,Intensive Parents,0.068987041,0.20950927,0.046842683,0.100496152
863,1980,SOME COLLEGE,Intensive Parents,0.101626739,0.165260983,0.075635233,0.135243233
864,1981,SOME COLLEGE,Intensive Parents,0.111325765,0.145142792,0.086136761,0.142730346
865,1982,SOME COLLEGE,Intensive Parents,0.113636057,0.147532666,0.08760096,0.146169216
866,1983,SOME COLLEGE,Intensive Parents,0.13456635,0.146491534,0.104490988,0.171639061
867,1984,SOME COLLEGE,Intensive Parents,0.145227898,0.140914471,0.114181989,0.182971529
868,1985,SOME COLLEGE,Intensive Parents,0.204558346,0.114686341,0.170395716,0.2435594
869,1986,SOME COLLEGE,Intensive Parents,0.193412133,0.118248097,0.159795354,0.232147001
870,1987,SOME COLLEGE,Intensive Parents,0.195468914,0.111471209,0.163373629,0.232120053
871,1988,SOME COLLEGE,Intensive Parents,0.140960661,0.124047006,0.114005755,0.173043913
872,1989,SOME COLLEGE,Intensive Parents,0.149061272,0.134609938,0.118593911,0.185706703
873,1990,SOME COLLEGE,Intensive Parents,0.21703339,0.124208163,0.178508941,0.261228086
874,1991,SOME COLLEGE,Intensive Parents,0.209203584,0.120716506,0.172739823,0.251028831
875,1992,SOME COLLEGE,Intensive Parents,0.182337102,0.119039667,0.150088587,0.219723312
876,1993,SOME COLLEGE,Intensive Parents,0.256243839,0.107048021,0.218335283,0.298223141
877,1994,SOME COLLEGE,Intensive Parents,0.28652455,0.106358879,0.245866004,0.330956035
878,1995,SOME COLLEGE,Intensive Parents,0.279661553,0.11030332,0.238243885,0.32520559
879,1996,SOME COLLEGE,Intensive Parents,0.211557638,0.125988347,0.173289002,0.255663859
880,1997,SOME COLLEGE,Intensive Parents,0.260901316,0.127031234,0.215807816,0.311672332
881,1998,SOME COLLEGE,Intensive Parents,0.303976942,0.131454655,0.252357663,0.361055814
882,1999,SOME COLLEGE,Intensive Parents,0.224508317,0.151145627,0.177143091,0.28022526
883,2000,SOME COLLEGE,Intensive Parents,0.216890361,0.147577671,0.171770977,0.269997785
884,2001,SOME COLLEGE,Intensive Parents,0.204147711,0.147314847,0.161203364,0.255053704
885,2002,SOME COLLEGE,Intensive Parents,0.224114244,0.146190362,0.178231246,0.277815885
886,2003,SOME COLLEGE,Intensive Parents,0.260636103,0.130704191,0.214360218,0.312922934
887,2004,SOME COLLEGE,Intensive Parents,0.268437708,0.133072152,0.220392573,0.322622271
888,2005,SOME COLLEGE,Intensive Parents,0.269197473,0.126811263,0.223177653,0.320788059
889,2006,SOME COLLEGE,Intensive Parents,0.236339162,0.143838173,0.189268006,0.290916249
890,2007,SOME COLLEGE,Intensive Parents,0.300791834,0.128358411,0.250657644,0.356187055
891,2008,SOME COLLEGE,Intensive Parents,0.258321655,0.150040098,0.206069358,0.318507998
892,2009,SOME COLLEGE,Intensive Parents,0.289798693,0.139136168,0.237024245,0.348949486
893,2010,SOME COLLEGE,Intensive Parents,0.304028215,0.132271666,0.252101345,0.361481241
894,2011,SOME COLLEGE,Intensive Parents,0.331468536,0.130233522,0.277518627,0.390241414
895,2012,SOME COLLEGE,Intensive Parents,0.283723187,0.13964463,0.231516832,0.342455845
896,2013,SOME COLLEGE,Intensive Parents,0.287810534,0.147044964,0.232500684,0.350273154
897,2014,SOME COLLEGE,Intensive Parents,0.228294506,0.169248925,0.175131292,0.291885396
898,1976,COLLEGE,Intensive Parents,0.099355786,0.226466027,0.066095819,0.146722993
899,1977,COLLEGE,Intensive Parents,0.041254718,0.280038913,0.024251506,0.069332148
900,1978,COLLEGE,Intensive Parents,0.09744133,0.172464186,0.071491111,0.131477284
901,1979,COLLEGE,Intensive Parents,0.061032017,0.217611301,0.040703227,0.090555382
902,1980,COLLEGE,Intensive Parents,0.078230531,0.190185887,0.055232221,0.109693304
903,1981,COLLEGE,Intensive Parents,0.133606601,0.141088509,0.104708619,0.168974733
904,1982,COLLEGE,Intensive Parents,0.113381749,0.157238627,0.085893721,0.148240024
905,1983,COLLEGE,Intensive Parents,0.095636627,0.165945327,0.070967465,0.127702355
906,1984,COLLEGE,Intensive Parents,0.158635062,0.134944401,0.126429355,0.197192749
907,1985,COLLEGE,Intensive Parents,0.150898778,0.136914345,0.119632349,0.188586354
908,1986,COLLEGE,Intensive Parents,0.182105952,0.121630998,0.149244801,0.220328725
909,1987,COLLEGE,Intensive Parents,0.168675596,0.123020911,0.137506155,0.205229224
910,1988,COLLEGE,Intensive Parents,0.183373783,0.111954791,0.152764362,0.218534429
911,1989,COLLEGE,Intensive Parents,0.194705926,0.117061409,0.161223414,0.233208678
912,1990,COLLEGE,Intensive Parents,0.243783393,0.119890803,0.203100213,0.289653787
913,1991,COLLEGE,Intensive Parents,0.225757337,0.122277731,0.186625972,0.270366344
914,1992,COLLEGE,Intensive Parents,0.231807383,0.119914351,0.192606559,0.276256771
915,1993,COLLEGE,Intensive Parents,0.270419997,0.110144652,0.229989183,0.315050281
916,1994,COLLEGE,Intensive Parents,0.257822364,0.108892795,0.219129963,0.300715754
917,1995,COLLEGE,Intensive Parents,0.317612778,0.098660816,0.277251562,0.360915537
918,1996,COLLEGE,Intensive Parents,0.301571812,0.107424851,0.259153474,0.347674867
919,1997,COLLEGE,Intensive Parents,0.279594739,0.111002849,0.237935004,0.325433716
920,1998,COLLEGE,Intensive Parents,0.234991189,0.120303727,0.195268947,0.279982511
921,1999,COLLEGE,Intensive Parents,0.247241376,0.116344272,0.207278261,0.292070573
922,2000,COLLEGE,Intensive Parents,0.261418274,0.129847819,0.215327366,0.313434117
923,2001,COLLEGE,Intensive Parents,0.244249826,0.126439716,0.201437098,0.292825208
924,2002,COLLEGE,Intensive Parents,0.225953614,0.128778498,0.184868711,0.273109933
925,2003,COLLEGE,Intensive Parents,0.295178543,0.108504187,0.252933345,0.341256505
926,2004,COLLEGE,Intensive Parents,0.274498087,0.1063866,0.234974293,0.31790735
927,2005,COLLEGE,Intensive Parents,0.282017225,0.105730056,0.242007545,0.325798414
928,2006,COLLEGE,Intensive Parents,0.237464829,0.11922452,0.197767737,0.282325929
929,2007,COLLEGE,Intensive Parents,0.291439149,0.109878238,0.249035654,0.337814831
930,2008,COLLEGE,Intensive Parents,0.360134142,0.108985392,0.312514596,0.410675273
931,2009,COLLEGE,Intensive Parents,0.284508449,0.116855586,0.240262742,0.333327352
932,2010,COLLEGE,Intensive Parents,0.281657271,0.110430363,0.239997111,0.327433441
933,2011,COLLEGE,Intensive Parents,0.288772603,0.111655352,0.24597546,0.335700837
934,2012,COLLEGE,Intensive Parents,0.270296079,0.114045038,0.228527392,0.316566343
935,2013,COLLEGE,Intensive Parents,0.267099488,0.11466398,0.225460089,0.31331825
936,2014,COLLEGE,Intensive Parents,0.319653678,0.114361774,0.272989265,0.370232654
937,1976,COLLEGE +,Intensive Parents,0.088689649,0.359285009,0.045916529,0.164440241
938,1977,COLLEGE +,Intensive Parents,0.146735457,0.236693061,0.097585225,0.21474986
939,1978,COLLEGE +,Intensive Parents,0.125340173,0.245780105,0.081321651,0.188301669
940,1979,COLLEGE +,Intensive Parents,0.128044873,0.236098792,0.084625137,0.189139366
941,1980,COLLEGE +,Intensive Parents,0.137707991,0.219427562,0.094103599,0.19712066
942,1981,COLLEGE +,Intensive Parents,0.123967723,0.215027037,0.084956912,0.177418465
943,1982,COLLEGE +,Intensive Parents,0.141860285,0.206430999,0.099345184,0.198558703
944,1983,COLLEGE +,Intensive Parents,0.199288299,0.189042556,0.146631973,0.264982243
945,1984,COLLEGE +,Intensive Parents,0.201225345,0.173560051,0.152022583,0.261442995
946,1985,COLLEGE +,Intensive Parents,0.218773438,0.169282037,0.167337561,0.280689944
947,1986,COLLEGE +,Intensive Parents,0.239017463,0.166290669,0.184824378,0.303190641
948,1987,COLLEGE +,Intensive Parents,0.247932539,0.145904565,0.198509361,0.304978468
949,1988,COLLEGE +,Intensive Parents,0.259942962,0.139478515,0.210878544,0.315853805
950,1989,COLLEGE +,Intensive Parents,0.322544904,0.16330909,0.256892914,0.39603325
951,1990,COLLEGE +,Intensive Parents,0.263030677,0.168580139,0.204128735,0.331842249
952,1991,COLLEGE +,Intensive Parents,0.234987972,0.184205083,0.17633293,0.305907621
953,1992,COLLEGE +,Intensive Parents,0.337884709,0.147711484,0.276429105,0.405349117
954,1993,COLLEGE +,Intensive Parents,0.278474655,0.168042854,0.217312279,0.349171601
955,1994,COLLEGE +,Intensive Parents,0.279784002,0.166341176,0.218991008,0.349892773
956,1995,COLLEGE +,Intensive Parents,0.323059685,0.155508631,0.260275461,0.392943817
957,1996,COLLEGE +,Intensive Parents,0.27893278,0.151055852,0.223423588,0.342156795
958,1997,COLLEGE +,Intensive Parents,0.306247425,0.150009626,0.247547481,0.371985458
959,1998,COLLEGE +,Intensive Parents,0.356911257,0.15041396,0.292432015,0.427027426
960,1999,COLLEGE +,Intensive Parents,0.332194716,0.159017497,0.266990826,0.404534415
961,2000,COLLEGE +,Intensive Parents,0.313510849,0.180207903,0.242879414,0.393993702
962,2001,COLLEGE +,Intensive Parents,0.328542511,0.181527616,0.25529431,0.411202415
963,2002,COLLEGE +,Intensive Parents,0.291365734,0.174760594,0.225956648,0.366738176
964,2003,COLLEGE +,Intensive Parents,0.338628545,0.164400164,0.270590189,0.414063162
965,2004,COLLEGE +,Intensive Parents,0.35821909,0.154667649,0.291885289,0.430463784
966,2005,COLLEGE +,Intensive Parents,0.423265476,0.139236886,0.35840773,0.490880212
967,2006,COLLEGE +,Intensive Parents,0.371971137,0.159494447,0.302299172,0.447403677
968,2007,COLLEGE +,Intensive Parents,0.353636589,0.165156646,0.283575762,0.430603082
969,2008,COLLEGE +,Intensive Parents,0.354672263,0.171589003,0.281937254,0.434809244
970,2009,COLLEGE +,Intensive Parents,0.352925071,0.172243263,0.280134021,0.433246962
971,2010,COLLEGE +,Intensive Parents,0.214196346,0.189236842,0.158329374,0.283144592
972,2011,COLLEGE +,Intensive Parents,0.314146157,0.165270333,0.248854665,0.387725689
973,2012,COLLEGE +,Intensive Parents,0.389496977,0.178728323,0.310083659,0.475238756
974,2013,COLLEGE +,Intensive Parents,0.299346244,0.182393312,0.23007332,0.379203906
975,2014,COLLEGE +,Intensive Parents,0.317597527,0.189232684,0.243106319,0.40276788
